Region,Year,mean_ndvi,mean_bsi,mean_ndwi,Area_Name,Final_Label,Area_Trend,Risk_Factor,Area_Risk_Trend,Mean_Rainfall_mm
19,2019-01-01,-0.3980183674653335,1.7769066965530125,-0.6054517045914901,Segera,0,Overall Stable,2.780376768609836,Stable,13.13345484965084
19,2020-01-01,0.2065529311676258,1.0056947395060458,-0.8466238495130967,Segera,0,Overall Stable,2.058871520186768,Stable,14.671010137616394
19,2021-01-01,-0.4030021556695856,1.6664664185430695,-0.5242661153580334,Segera,0,Overall Stable,2.5937346895706885,Stable,8.738779743136138
19,2022-01-01,-0.6372614797569968,0.7913144102070526,0.3866399058252758,Segera,1,Overall Stable,1.8152157957893251,Stable,7.539985118625925
19,2023-01-01,-0.9657582689382836,1.0204543988178718,0.511432820819561,Segera,1,Overall Stable,2.497645488575716,Stable,11.282814957638124
19,2024-01-01,-0.472126199306024,0.4522039524047954,0.3824309115222227,Segera,1,Overall Stable,1.3067610632330422,Stable,12.121365075919387
19,2025-01-01,0.0066702205253929,-0.1097304163045478,0.0611578342589551,Segera,1,Overall Stable,0.1775584710888959,Stable,5.314553438199413
17,2019-01-01,-1.1919246785319435,0.9392383388882428,0.8742687931965065,Lekurruki Conservancy Trust,1,Overall Loss,3.0054318106166926,Severe Risk Loss,13.475784646563548
17,2020-01-01,-0.9709463876271196,0.8705795084308687,0.7079955426722476,Lekurruki Conservancy Trust,1,Overall Loss,2.549521438730236,Severe Risk Loss,13.016982444971315
17,2021-01-01,-1.1317867419684398,0.872579181559013,0.85490621864413,Lekurruki Conservancy Trust,1,Overall Loss,2.8592721421715828,Severe Risk Loss,8.344093340835059
17,2022-01-01,-1.3694362130795363,0.3613869485470903,1.3935177997793544,Lekurruki Conservancy Trust,1,Overall Loss,3.124340961405981,Severe Risk Loss,6.532592426011108
17,2023-01-01,-1.3625614725812336,0.3560995177992868,1.3608096302875905,Lekurruki Conservancy Trust,1,Overall Loss,3.079470620668111,Severe Risk Loss,13.559676019513876
17,2024-01-01,-1.2249071590266971,0.2626529060106408,1.2785180145458983,Lekurruki Conservancy Trust,1,Overall Loss,2.7660780795832367,Severe Risk Loss,10.639686196481906
17,2025-01-01,-1.24949980106351,0.2906274877435935,1.268100891611366,Lekurruki Conservancy Trust,1,Overall Loss,2.8082281804184697,Severe Risk Loss,4.760677284907412
2,2019-01-01,0.3596291269259528,0.530135558912792,-0.6475176567977345,Lake Naivasha,0,Overall Gain,1.5372823426364794,High Risk Gain,15.15701724083413
2,2020-01-01,2.1245739380429534,-1.789506776255285,-1.7659529721601488,Lake Naivasha,2,Overall Gain,5.680033686458387,High Risk Gain,17.580625265695335
2,2021-01-01,0.4291166416290944,0.8634131482248476,-0.7477942080694503,Lake Naivasha,0,Overall Gain,2.0403239979233923,High Risk Gain,12.113002216847873
2,2022-01-01,-0.0923478458341668,0.0609021756571854,0.2406308128090599,Lake Naivasha,1,Overall Gain,0.3938808343004123,Moderate Risk Gain,10.426878200115745
2,2023-01-01,-0.1783789416320454,0.1915860982465222,0.2559835901179166,Lake Naivasha,1,Overall Gain,0.6259486299964843,Moderate Risk Gain,11.849653950339436
2,2024-01-01,0.1744691308988492,-0.4317777728045748,0.1216158319688903,Lake Naivasha,1,Overall Gain,0.7278627356723144,Moderate Risk Gain,19.681308300001568
2,2025-01-01,0.8719857396096933,-1.49283180875225,-0.4686562884040083,Lake Naivasha,2,Overall Gain,2.833473836765952,High Risk Gain,14.029766198229575
18,2019-01-01,-1.9421590385549992,-0.3061328768367116,2.9016324032232137,Ndera Community Conservancy,1,Overall Loss,5.149924318614925,Severe Risk Loss,13.00041977501989
18,2020-01-01,-1.974391829614185,-0.2930450541981118,3.0318278568825607,Ndera Community Conservancy,1,Overall Loss,5.299264740694857,Severe Risk Loss,10.343137506267908
18,2021-01-01,-1.939102610664516,-0.3517387410853244,2.93181242977296,Ndera Community Conservancy,1,Overall Loss,5.2226537815228005,Severe Risk Loss,8.21095485121712
18,2022-01-01,-1.782387226192791,-0.4799108734604211,2.524187750786455,Ndera Community Conservancy,1,Overall Loss,4.786485850439668,Severe Risk Loss,6.160769657361604
18,2023-01-01,-1.8030862122057776,-0.5235225653563097,2.620202881670713,Ndera Community Conservancy,1,Overall Loss,4.9468116592328,Severe Risk Loss,14.462475578198386
18,2024-01-01,-1.753214735352979,-0.4407464769658165,2.47767126887328,Ndera Community Conservancy,1,Overall Loss,4.671632481192075,Severe Risk Loss,9.286745110841512
18,2025-01-01,-1.716888797473474,-0.5188397638435912,2.4384004314576604,Ndera Community Conservancy,1,Overall Loss,4.674128992774726,Severe Risk Loss,1.0141875605242965
22,2019-01-01,-0.5515786946270971,0.9267089638138598,0.2479054299960069,Melako Community Conservancy,0,Overall Stable,1.7261930884369636,Stable,4.017743576525692
22,2020-01-01,1.1373443802803582,-0.3519929304278307,-1.014559322401685,Melako Community Conservancy,2,Overall Stable,2.503896633109874,Stable,5.304296975224687
22,2021-01-01,-0.5868843663816244,1.10208056370368,0.1854835343039044,Melako Community Conservancy,0,Overall Stable,1.8744484643892088,Stable,2.187155042385979
22,2022-01-01,-0.122890697499433,-0.2755262973484982,0.2129176435080068,Melako Community Conservancy,1,Overall Stable,0.6113346383559382,Stable,2.6313298563588607
22,2023-01-01,-1.1039425778662109,0.733512433587969,1.1334773807575764,Melako Community Conservancy,1,Overall Stable,2.9709323922117563,Stable,6.283197178609722
22,2024-01-01,-0.3088249133328511,0.0601357253184754,0.5410201878874066,Melako Community Conservancy,1,Overall Stable,0.9099808265387332,Stable,3.8665324352843062
22,2025-01-01,-0.6847557964876757,0.3674044093944781,0.7147696582777135,Melako Community Conservancy,1,Overall Stable,1.7669298641598674,Stable,1.148568586723964
23,2019-01-01,-0.4825362533788732,1.4883513973946656,-0.3549447433074896,Mpus Kutuk Community Conservancy,0,Overall Loss,2.3258323940810284,Severe Risk Loss,9.957865546628822
23,2020-01-01,-0.1414201935472912,1.0879271043955985,-0.5258076843667928,Mpus Kutuk Community Conservancy,0,Overall Loss,1.755154982309682,Severe Risk Loss,10.135685786466125
23,2021-01-01,-0.6108065224322354,1.7251011064729216,-0.251961358777992,Mpus Kutuk Community Conservancy,0,Overall Loss,2.587868987683149,Severe Risk Loss,6.440586440533165
23,2022-01-01,-0.7889590172553108,0.6057211049011495,0.5802702774090046,Mpus Kutuk Community Conservancy,1,Overall Loss,1.974950399565465,Severe Risk Loss,5.400015526658263
23,2023-01-01,-0.9494329235458602,0.810270079884374,0.626931174531035,Mpus Kutuk Community Conservancy,1,Overall Loss,2.386634177961269,Severe Risk Loss,10.700976652845569
23,2024-01-01,-0.669185474270328,0.4287310169894456,0.4868476207132029,Mpus Kutuk Community Conservancy,1,Overall Loss,1.5847641119729765,Severe Risk Loss,8.655687344079475
23,2025-01-01,-0.7240695102262733,0.610646297532215,0.5207718989607464,Mpus Kutuk Community Conservancy,1,Overall Loss,1.8554877067192344,Severe Risk Loss,3.3042867157297544
16,2019-01-01,1.9630043574482507,-1.302485709392993,-1.964860091909533,Ngare Ndare Community Conservancy,2,Overall Gain,5.230350158750777,High Risk Gain,20.50617701776339
16,2020-01-01,2.490368906306103,-2.106129478583516,-2.2401770525614486,Ngare Ndare Community Conservancy,2,Overall Gain,6.836675437451068,High Risk Gain,19.037279692356066
16,2021-01-01,2.4884130278766365,-2.122246194809446,-2.214817516928,Ngare Ndare Community Conservancy,2,Overall Gain,6.825476739614082,High Risk Gain,12.284039385914848
16,2022-01-01,0.7292416335370503,-1.2329323745629142,-0.4187812229050368,Ngare Ndare Community Conservancy,2,Overall Gain,2.380955231005001,High Risk Gain,9.870426038218078
16,2023-01-01,0.8524497667255263,-1.3079833943811645,-0.5459790060125999,Ngare Ndare Community Conservancy,2,Overall Gain,2.7064121671192907,High Risk Gain,18.150848357933448
16,2024-01-01,0.9174729854998426,-1.449122060829143,-0.5598881615545992,Ngare Ndare Community Conservancy,2,Overall Gain,2.926483207883585,High Risk Gain,15.84138666401077
16,2025-01-01,0.4495660899065657,-0.7652971986080424,-0.3254943139886207,Ngare Ndare Community Conservancy,2,Overall Gain,1.5403576025032288,High Risk Gain,6.378746145985264
15,2019-01-01,1.6434204127808814,-0.6456067774807189,-1.41743772047231,Nailepu,2,Overall Gain,3.70646491073391,High Risk Gain,9.043786405140745
15,2020-01-01,2.347536409881999,-1.781736096517215,-1.886250193749864,Nailepu,2,Overall Gain,6.015522700149079,High Risk Gain,8.331635045733771
15,2021-01-01,2.19564306353846,-1.4856371610580483,-1.7357749859880909,Nailepu,2,Overall Gain,5.417055210584599,High Risk Gain,6.485031751047372
15,2022-01-01,0.8110766047714574,-1.2525635390823588,-0.3378854067294731,Nailepu,2,Overall Gain,2.401525550583289,High Risk Gain,4.762097049298535
15,2023-01-01,0.644714034169153,-1.0447044745624772,-0.25352159845897,Nailepu,2,Overall Gain,1.9429401071906,High Risk Gain,6.386715746454723
15,2024-01-01,0.8926586813168972,-1.3058935679995811,-0.4156448942814224,Nailepu,2,Overall Gain,2.614197143597901,High Risk Gain,9.09413801319712
15,2025-01-01,0.6654516769790407,-1.1708203126717904,-0.293920378672918,Nailepu,2,Overall Gain,2.130192368323749,High Risk Gain,13.734787344610805
0,2019-01-01,2.302428310440883,-1.5130504402278848,-2.069014762332665,,2,,5.884493513001432,Stable,
0,2020-01-01,2.548087996256785,-1.833551447731553,-2.207585357695454,,2,,6.589224801683793,Stable,
0,2021-01-01,2.406766516739398,-1.745441985934948,-2.109220744123417,,2,,6.261429246797764,Stable,
0,2022-01-01,0.7231124487134832,-1.2141879472183668,-0.3473523314086844,,2,,2.2846527273405344,Stable,
0,2023-01-01,0.6593563050194039,-1.1660654946970312,-0.3014925982675116,,2,,2.126914397983947,Stable,
0,2024-01-01,0.8386202455488642,-1.3350803888233742,-0.418696311162236,,2,,2.592396945534474,Stable,
0,2025-01-01,0.7959178366216758,-1.2787996686054717,-0.4023966158935211,,2,,2.4771141211206684,Stable,
11,2019-01-01,2.1983395503907803,-1.4802142058383867,-2.045906397628011,Sera Community Conservancy,2,Overall Gain,5.724460153857178,High Risk Gain,9.124568536968097
11,2020-01-01,2.5079902487008336,-1.855517494285163,-2.188879395491776,Sera Community Conservancy,2,Overall Gain,6.552387138477773,High Risk Gain,8.101549895800467
11,2021-01-01,2.403082950002347,-1.815829219167824,-2.042289181061203,Sera Community Conservancy,2,Overall Gain,6.261201350231374,High Risk Gain,4.54722764705122
11,2022-01-01,0.6667262391291542,-1.1447540212485356,-0.2771630965433371,Sera Community Conservancy,2,Overall Gain,2.088643356921027,High Risk Gain,4.7216735007518364
11,2023-01-01,0.7021755492746687,-1.249908864737204,-0.3308822061144257,Sera Community Conservancy,2,Overall Gain,2.282966620126299,High Risk Gain,11.199125863372169
11,2024-01-01,0.7398301059191628,-1.250987376572434,-0.321920404294301,Sera Community Conservancy,2,Overall Gain,2.312737886785898,High Risk Gain,7.022767876867467
11,2025-01-01,0.6934908808166013,-1.2281313662596234,-0.3654469947554402,Sera Community Conservancy,2,Overall Gain,2.2870692418316647,High Risk Gain,1.0467348630490625
10,2019-01-01,-0.1203347801365796,1.256743720988643,-0.564704439947703,Il Ngwesi Community Trust,0,Overall Stable,1.9417829410729257,Stable,16.62472906112038
10,2020-01-01,0.8462926112010756,-0.1238194554093779,-1.046941077000897,Il Ngwesi Community Trust,2,Overall Stable,2.0170531436113506,Stable,17.004283058347664
10,2021-01-01,-0.0958567511076771,1.1701111471567125,-0.5800384332835744,Il Ngwesi Community Trust,0,Overall Stable,1.846006331547964,Stable,10.459042392321122
10,2022-01-01,-0.4408211830331691,0.1947502495332678,0.3396016691007601,Il Ngwesi Community Trust,1,Overall Stable,0.9751731016671972,Stable,8.715012501747902
10,2023-01-01,-0.7274370347598188,0.5138225899729207,0.4986545267066583,Il Ngwesi Community Trust,1,Overall Stable,1.739914151439398,Stable,17.482709489122115
10,2024-01-01,-0.3027306073018936,0.0070684820624847,0.3486993603922575,Il Ngwesi Community Trust,1,Overall Stable,0.658498449756636,Stable,14.160451854775047
10,2025-01-01,-0.5333244847111736,0.3482089820359015,0.496697003702639,Il Ngwesi Community Trust,1,Overall Stable,1.378230470449714,Stable,7.422155388602706
13,2019-01-01,1.60349066949298,-1.421173027684912,-1.2406739904785535,Jaldesa Community Conservancy,2,Overall Gain,4.265337687656445,High Risk Gain,10.34355904459932
13,2020-01-01,1.7560515170765836,-1.5554326652794566,-1.2601177377766426,Jaldesa Community Conservancy,2,Overall Gain,4.571601920132682,High Risk Gain,11.019317664985982
13,2021-01-01,1.3228455672407664,-1.0091953898084645,-0.9408228420950626,Jaldesa Community Conservancy,2,Overall Gain,3.272863799144294,High Risk Gain,4.776564050183176
13,2022-01-01,0.5201013591346932,-1.1116039202777055,-0.0553487041317876,Jaldesa Community Conservancy,2,Overall Gain,1.6870539835441862,High Risk Gain,5.5379208111994975
13,2023-01-01,0.2364851898448493,-0.7777496041450743,0.1735468417160479,Jaldesa Community Conservancy,1,Overall Gain,1.1877816357059716,Moderate Risk Gain,15.868410221285677
13,2024-01-01,0.3879761197044922,-1.0388828092519184,0.0664355190656873,Jaldesa Community Conservancy,2,Overall Gain,1.493294448022098,Moderate Risk Gain,8.470710925773043
13,2025-01-01,0.2174163373486647,-0.8570817663437502,0.1354084073268751,Jaldesa Community Conservancy,1,Overall Gain,1.20990651101929,Moderate Risk Gain,2.2054355294580827
12,2019-01-01,0.5960421448732914,0.6793711967436432,-0.7810061765279588,Ishaqbini Hirola Community Conservancy,0,Overall Stable,2.056419518144893,Stable,15.800584989378857
12,2020-01-01,1.0328482076284202,0.1658604607246382,-1.007940096705508,Ishaqbini Hirola Community Conservancy,2,Overall Stable,2.206648765058566,Stable,11.80113026382252
12,2021-01-01,0.8569142798411528,0.3448401578770356,-0.8870547458479386,Ishaqbini Hirola Community Conservancy,0,Overall Stable,2.088809183566127,Stable,9.769145857008128
12,2022-01-01,-0.3287270414501528,0.0098926756598335,0.5916503651250699,Ishaqbini Hirola Community Conservancy,1,Overall Stable,0.9302700822350564,Stable,7.522276622483643
12,2023-01-01,-0.4098998077931026,0.0234222549818935,0.651780929746461,Ishaqbini Hirola Community Conservancy,1,Overall Stable,1.085102992521457,Stable,16.925153031688694
12,2024-01-01,-0.3549776027398423,-0.1172633743442259,0.668171472216119,Ishaqbini Hirola Community Conservancy,1,Overall Stable,1.1404124493001873,Stable,10.728626391573014
12,2025-01-01,-0.3975523684404473,-0.2019278556135935,0.6932850836821096,Ishaqbini Hirola Community Conservancy,1,Overall Stable,1.2927653077361505,Stable,0.9170217623659216
1,2019-01-01,-0.5945831247745184,0.7517795846687676,0.1818618531941464,Lake Nakuru,0,Overall Loss,1.5282245626374324,Severe Risk Loss,15.194120134336313
1,2020-01-01,-0.5955652767510752,0.5120112393282428,0.1337398179601318,Lake Nakuru,1,Overall Loss,1.2413163340394495,Moderate Risk Loss,19.08327129208006
1,2021-01-01,-0.7634316541167557,0.8226474444536381,0.3519864644135438,Lake Nakuru,1,Overall Loss,1.9380655629839376,Severe Risk Loss,13.197939442007277
1,2022-01-01,-0.9757094651864188,0.3907326184799443,0.9181264741170184,Lake Nakuru,1,Overall Loss,2.2845685577833814,Severe Risk Loss,12.78501672049812
1,2023-01-01,-1.144270577344773,0.4766157630396166,1.0195569671902187,Lake Nakuru,1,Overall Loss,2.6404433075746083,Severe Risk Loss,13.316020097015985
1,2024-01-01,-0.7916297076874405,0.2040039901318288,0.7631585848873609,Lake Nakuru,1,Overall Loss,1.7587922827066302,Severe Risk Loss,17.753124608896307
1,2025-01-01,-0.7254650403330886,0.1736979380390899,0.7351444487600884,Lake Nakuru,1,Overall Loss,1.634307427132267,Severe Risk Loss,8.065067884063213
14,2019-01-01,2.57685158051151,-2.1815235136731577,-2.293672955555825,Kalama Community Wildlife Conservancy,2,Overall Gain,7.052048049740494,High Risk Gain,11.904983225978375
14,2020-01-01,2.592040242804901,-2.202276450404214,-2.256066162824388,Kalama Community Wildlife Conservancy,2,Overall Gain,7.050382856033503,High Risk Gain,11.201928658509482
14,2021-01-01,2.726082950428543,-2.485331057858196,-2.2953213553855214,Kalama Community Wildlife Conservancy,2,Overall Gain,7.50673536367226,High Risk Gain,7.133166061635641
14,2022-01-01,1.2166056617175085,-1.7977426361707731,-0.815373548788912,Kalama Community Wildlife Conservancy,2,Overall Gain,3.8297218466771934,High Risk Gain,6.018085985994409
14,2023-01-01,0.7366480070262558,-1.217335673042476,-0.4224886281623209,Kalama Community Wildlife Conservancy,2,Overall Gain,2.376472308231053,High Risk Gain,13.490473191884448
14,2024-01-01,1.1152212984287089,-1.636447310152313,-0.7056638652595593,Kalama Community Wildlife Conservancy,2,Overall Gain,3.457332473840581,High Risk Gain,9.78602312271749
14,2025-01-01,1.313439553276837,-1.9949076079303223,-0.9314080511805398,Kalama Community Wildlife Conservancy,2,Overall Gain,4.239755212387699,High Risk Gain,3.0714176684147545
9,2019-01-01,-0.5294404415604708,1.778179342288002,-0.6276455060367521,Hanshak-Nyongoro Community Conservancy,0,Overall Loss,2.9352652898852254,Severe Risk Loss,15.28766532045444
9,2020-01-01,0.110475372969246,1.3001523292051445,-0.8814217102186511,Hanshak-Nyongoro Community Conservancy,0,Overall Loss,2.292049412393041,Severe Risk Loss,11.910890995766684
9,2021-01-01,-0.4559441735911156,1.8229191287636293,-0.6021150865543158,Hanshak-Nyongoro Community Conservancy,0,Overall Loss,2.8809783889090608,Severe Risk Loss,8.134455122090142
9,2022-01-01,-0.9364424755101474,0.9670503123103144,0.5012933371462976,Hanshak-Nyongoro Community Conservancy,1,Overall Loss,2.4047861249667597,Severe Risk Loss,8.184933978478984
9,2023-01-01,-0.7676953934557209,0.7647162698771568,0.4253294147478727,Hanshak-Nyongoro Community Conservancy,1,Overall Loss,1.9577410780807505,Severe Risk Loss,17.646312094081118
9,2024-01-01,-0.5777677620978826,0.5900667191129593,0.3772456136417997,Hanshak-Nyongoro Community Conservancy,1,Overall Loss,1.5450800948526415,Severe Risk Loss,10.857143553910724
9,2025-01-01,-0.919874226421771,0.8965866229591718,0.585872102894371,Hanshak-Nyongoro Community Conservancy,1,Overall Loss,2.4023329522753136,Severe Risk Loss,0.869261433146301
72,2019-01-01,0.5075537756669732,0.7740864810805036,-0.842072252148823,Chepkitale,0,Overall Stable,2.1237125088963,Stable,27.61731420735518
72,2020-01-01,1.3834384566516955,-0.2401736211754284,-1.3988931367966575,Chepkitale,2,Overall Stable,3.0225052146237816,Stable,33.66721794659297
72,2021-01-01,0.4584127469005651,0.8420131652807434,-0.6982030327097972,Chepkitale,0,Overall Stable,1.9986289448911057,Stable,22.284063735448445
72,2022-01-01,-0.4525831787139742,0.4351865487377211,0.4888842836348075,Chepkitale,1,Overall Stable,1.3766540110865029,Stable,24.263563593319613
72,2023-01-01,-0.605318946826182,0.499641305821404,0.5550551542865775,Chepkitale,1,Overall Stable,1.6600154069341635,Stable,22.00109996331621
72,2024-01-01,0.027111209844473,-0.2701209578651378,0.1248678553610366,Chepkitale,1,Overall Stable,0.4221000230706475,Stable,26.690955618551488
72,2025-01-01,-0.2351861370678824,0.133296204730537,0.3109336600010189,Chepkitale,1,Overall Stable,0.6794160017994385,Stable,8.42259778075748
70,2019-01-01,-0.4126121612347397,1.3629811941885104,-0.1032106468764221,Central Island,0,Overall Stable,1.8788040022996724,Stable,9.044733279086904
70,2020-01-01,1.4674511278275562,-0.8212338158189896,-1.3212798817997409,Central Island,2,Overall Stable,3.609964825446287,Stable,11.727165044992825
70,2021-01-01,-0.3493296536694982,1.2673360682541064,-0.0278469887252745,Central Island,0,Overall Stable,1.6445127106488793,Stable,5.94158310828363
70,2022-01-01,-0.9907223959145616,0.6856411692474387,0.9059270330476468,Central Island,1,Overall Stable,2.5822905982096467,Stable,6.530606419844826
70,2023-01-01,-1.000806441090014,0.6548733198216794,0.881029083044885,Central Island,1,Overall Stable,2.5367088439565784,Stable,10.445027118637448
70,2024-01-01,-0.1505720012778503,-0.2211686507940437,0.3172887999691562,Central Island,1,Overall Stable,0.6890294520410503,Stable,11.971250768184929
70,2025-01-01,-0.6482647431742695,0.3818919304406278,0.6970837368859025,Central Island,1,Overall Stable,1.7272404105007997,Stable,1.078603546838371
65,2019-01-01,-0.224197302410519,0.7062085978018432,0.0063105015233143,Aberdare,0,Overall Stable,0.9367164017356764,Stable,23.086656447556926
65,2020-01-01,0.1298961204975235,0.230659646251872,-0.4286144613102261,Aberdare,0,Overall Stable,0.7891702280596218,Stable,29.29123865347545
65,2021-01-01,-0.2509723302108452,0.7371194326482656,-0.0212580472711824,Aberdare,0,Overall Stable,1.0093498101302931,Stable,17.633955679699213
65,2022-01-01,-0.8950824464942555,0.4351890073589298,0.8988953902675539,Aberdare,1,Overall Stable,2.2291668441207397,Stable,15.97101337004219
65,2023-01-01,-0.7310835277500392,0.2524331806069159,0.7804788699616247,Aberdare,1,Overall Stable,1.76399557831858,Stable,19.01600472161705
65,2024-01-01,-0.2828779679292171,-0.3323145504448993,0.4656103351362485,Aberdare,1,Overall Stable,1.0808028535103649,Stable,28.541705641541416
65,2025-01-01,0.2182117568654868,-0.7510162053952935,0.0956709324219401,Aberdare,1,Overall Stable,1.0648988946827205,Stable,13.405851089750096
64,2019-01-01,0.7693840819408478,-0.1611386992840952,-1.049357785512086,Naivasha Wildlife Sanctuary,2,Overall Stable,1.979880566737029,Stable,14.41390523462917
64,2020-01-01,-0.0802950839077624,0.709762482591685,-0.6581631381788162,Naivasha Wildlife Sanctuary,0,Overall Stable,1.4482207046782636,Stable,17.629831053173874
64,2021-01-01,0.6613704888717431,-0.0345431215903364,-0.8276933666518309,Naivasha Wildlife Sanctuary,2,Overall Stable,1.5236069771139105,Stable,11.587836733494678
64,2022-01-01,0.6878664912016491,-1.143111120263441,-0.4166001996375672,Naivasha Wildlife Sanctuary,2,Overall Stable,2.247577811102657,Stable,9.956542670098756
64,2023-01-01,-0.8643520011929845,0.1940514311049583,0.7377523596551862,Naivasha Wildlife Sanctuary,1,Overall Stable,1.796155791953129,Stable,11.600612808347206
64,2024-01-01,0.2741947143186773,-0.8588999573962679,0.0282147882945555,Naivasha Wildlife Sanctuary,2,Overall Stable,1.1613094600095009,Stable,20.841308289674977
64,2025-01-01,0.4239764594283727,-1.0055422384562684,-0.1477863468930898,Naivasha Wildlife Sanctuary,2,Overall Stable,1.5773050447777308,Stable,16.245398388511834
66,2019-01-01,0.3833086139036983,0.9943196150765254,-0.6082612754659535,Amboseli,0,Overall Stable,1.9858895044461773,Stable,9.866938825791964
66,2020-01-01,1.555010012012737,-0.3694472018165447,-1.3996549325297305,Amboseli,2,Overall Stable,3.3241121463590124,Stable,9.479292839372649
66,2021-01-01,0.8389262019790013,0.4399744332322523,-0.9150268590437164,Amboseli,0,Overall Stable,2.19392749425497,Stable,6.85945469081847
66,2022-01-01,-0.0653410220564106,0.1544383363022545,0.1551193132387829,Amboseli,1,Overall Stable,0.3748986715974481,Stable,5.462365551158029
66,2023-01-01,-0.1049116208999268,0.2542900474408822,0.2719282511305913,Amboseli,1,Overall Stable,0.6311299194714004,Stable,6.907824286622891
66,2024-01-01,0.2484793929523797,-0.3089782617484563,0.0653710264716355,Amboseli,1,Overall Stable,0.6228286811724715,Stable,10.838980595412876
66,2025-01-01,0.5016878993888783,-0.5171990223626978,-0.1731212021400115,Amboseli,2,Overall Stable,1.1920081238915876,Stable,13.245860235997412
7,2019-01-01,-0.2230711757315621,0.1168812329528798,0.3798562565622297,Lower Tana Delta Conservation Trust,1,Overall Stable,0.7198086652466718,Stable,9.818079261535695
7,2020-01-01,0.561210911554829,-1.3842321273497091,0.0272193296323527,Lower Tana Delta Conservation Trust,2,Overall Stable,1.9726623685368911,Stable,8.34823749386028
7,2021-01-01,0.0656699518181932,-0.4948702947302162,0.2795334784564933,Lower Tana Delta Conservation Trust,1,Overall Stable,0.8400737250049028,Stable,5.094502857210866
7,2022-01-01,-0.5197014319531719,-0.3588566462515979,0.8293491150273489,Lower Tana Delta Conservation Trust,1,Overall Stable,1.7079071932321188,Stable,5.987763591758843
7,2023-01-01,-0.7854643376631341,-0.1889692456290561,1.077977939430031,Lower Tana Delta Conservation Trust,1,Overall Stable,2.0524115227222213,Stable,11.39976805467652
7,2024-01-01,-0.2766861388073011,-0.8108831072356091,0.7203777018287507,Lower Tana Delta Conservation Trust,1,Overall Stable,1.807946947871661,Stable,7.0006026659763725
7,2025-01-01,-0.567069246749162,-0.4541414450656711,0.9181880438966332,Lower Tana Delta Conservation Trust,1,Overall Stable,1.9393987357114664,Stable,0.9399663527663544
73,2019-01-01,0.0267521347153477,1.3811491880778628,-0.4523379164242692,Chyulu Hills,0,Overall Stable,1.86023923921748,Stable,14.758136446832731
73,2020-01-01,1.26888914983835,-0.1136324664760009,-1.2257318947951898,Chyulu Hills,2,Overall Stable,2.608253511109541,Stable,13.250511068424576
73,2021-01-01,0.4029109659471108,0.904214686640212,-0.660290351778964,Chyulu Hills,0,Overall Stable,1.9674160043662867,Stable,10.262686665908882
73,2022-01-01,-0.791362828902823,0.8813052504106715,0.7505769541065129,Chyulu Hills,1,Overall Stable,2.4232450334200077,Stable,7.176834406620255
73,2023-01-01,-0.6282642309036327,0.6994636139331859,0.5821772909991283,Chyulu Hills,1,Overall Stable,1.909905135835947,Stable,11.784929023601649
73,2024-01-01,-0.0184904032142022,-0.1433728918088087,0.2108495839497384,Chyulu Hills,1,Overall Stable,0.3727128789727494,Stable,14.104688712877223
73,2025-01-01,-0.5111854489518146,0.5266447168248779,0.5340053561878065,Chyulu Hills,1,Overall Stable,1.5718355219644988,Stable,10.318041863101335
71,2019-01-01,-0.3148084286994653,1.570798443504733,-0.3201146535215214,Buffalo Springs,0,Overall Stable,2.20572152572572,Stable,9.916907651429588
71,2020-01-01,0.8762420916772926,0.3446067520802843,-1.0393164074639043,Buffalo Springs,0,Overall Stable,2.260165251221481,Stable,9.60950293738553
71,2021-01-01,-0.3609571903567195,1.6528492751295605,-0.2157017475757633,Buffalo Springs,0,Overall Stable,2.229508213062043,Stable,6.051601088136554
71,2022-01-01,-0.93043496138746,1.1037194051369463,0.6932038591778339,Buffalo Springs,1,Overall Stable,2.72735822570224,Stable,5.057771190206162
71,2023-01-01,-0.9701466621912002,1.0736425829638134,0.6784261427683951,Buffalo Springs,1,Overall Stable,2.7222153879234083,Stable,10.731630446541972
71,2024-01-01,-0.1074824816818708,0.0295994831565383,0.1445572661969734,Buffalo Springs,1,Overall Stable,0.2816392310353826,Stable,8.52795102514324
71,2025-01-01,-0.7847034678616198,0.7484094231326629,0.7117059312459577,Buffalo Springs,1,Overall Stable,2.2448188222402408,Stable,2.595425328266794
8,2019-01-01,0.5308572290221328,0.3810604945253241,-0.596536497428116,Nasuulu Community Wildlife Conservancy,0,Overall Stable,1.508454220975573,Stable,13.266082352128077
8,2020-01-01,1.5452358877528471,-0.7297195431022545,-1.2484484485673135,Nasuulu Community Wildlife Conservancy,2,Overall Stable,3.523403879422415,Stable,12.334075752007768
8,2021-01-01,0.9541148193537674,0.0145493729030073,-0.828710093355365,Nasuulu Community Wildlife Conservancy,2,Overall Stable,1.7973742856121395,Stable,7.590135345867324
8,2022-01-01,-0.1948006433463755,-0.0187304397892873,0.4794767365609216,Nasuulu Community Wildlife Conservancy,1,Overall Stable,0.6930078196965845,Stable,6.015043483048538
8,2023-01-01,-0.4303859000633045,0.1002728963787785,0.6159057329005155,Nasuulu Community Wildlife Conservancy,1,Overall Stable,1.1465645293425988,Stable,12.967755247491962
8,2024-01-01,0.2086167374453095,-0.6430788167047867,0.155312533248793,Nasuulu Community Wildlife Conservancy,1,Overall Stable,1.0070080873988894,Stable,10.31230882007748
8,2025-01-01,0.2263125634892804,-0.5293231828062223,0.1230723325252845,Nasuulu Community Wildlife Conservancy,1,Overall Stable,0.8787080788207873,Stable,3.2622894721603983
61,2019-01-01,-0.3640310676388514,1.3013556817336769,-0.3126110602365547,Kenya Lake System in the Great Rift Valley,0,Overall Stable,1.977997809609083,Stable,15.323543893840348
61,2020-01-01,-0.0805149847352152,1.233048275898084,-0.5971421102670231,Kenya Lake System in the Great Rift Valley,0,Overall Stable,1.9107053709003223,Stable,19.52977043440453
61,2021-01-01,-0.1793830505988622,1.0870424570246542,-0.4987378117047051,Kenya Lake System in the Great Rift Valley,0,Overall Stable,1.7651633193282217,Stable,12.854769451042394
61,2022-01-01,-0.9302082909003364,0.8503784307885313,0.7655690593131307,Kenya Lake System in the Great Rift Valley,1,Overall Stable,2.5461557810019984,Stable,12.361889005099538
61,2023-01-01,-1.0723600303806915,0.9195856073612958,0.8005118140274567,Kenya Lake System in the Great Rift Valley,1,Overall Stable,2.7924574517694443,Stable,12.898294291943358
61,2024-01-01,-0.0072454672405793,-0.3107083979920186,0.1674374517401841,Kenya Lake System in the Great Rift Valley,1,Overall Stable,0.4853913169727821,Stable,17.34353312468049
61,2025-01-01,-0.6734967022874055,0.4645278592414328,0.6622562937231967,Kenya Lake System in the Great Rift Valley,1,Overall Stable,1.8002808552520353,Stable,7.009786232685049
60,2019-01-01,-0.0703258979675225,1.0101093234004972,-0.3716091247524071,Naboisho,0,Overall Stable,1.4520443461204269,Stable,14.419363951972905
60,2020-01-01,0.3354615076011429,0.5075862989118521,-0.7042020803896776,Naboisho,0,Overall Stable,1.5472498869026725,Stable,17.211450775579667
60,2021-01-01,-0.2551844266120487,0.9670760263390976,-0.2227185458923955,Naboisho,0,Overall Stable,1.4449789988435418,Stable,11.90254981299048
60,2022-01-01,-0.7325919614729667,0.7066263845505829,0.6517700621524101,Naboisho,1,Overall Stable,2.09098840817596,Stable,14.842694799146834
60,2023-01-01,-0.7801137348466927,0.462550461292992,0.7067448219015016,Naboisho,1,Overall Stable,1.9494090180411865,Stable,12.82883687892864
60,2024-01-01,-0.2740727526931824,-0.111641846975766,0.3400699513967337,Naboisho,1,Overall Stable,0.7257845510656822,Stable,18.78137856222636
60,2025-01-01,0.0187176068907348,-0.2682533038189366,0.2035389681964549,Naboisho,1,Overall Stable,0.4905098789061264,Stable,20.119341295262085
58,2019-01-01,0.1787060405250864,0.3209395879668985,-0.4759797867357239,Ol Chorro Oiroua,0,Overall Stable,0.9756254152277088,Stable,18.343714366934208
58,2020-01-01,-0.1931273532022956,0.8430701602729176,-0.3978801877569789,Ol Chorro Oiroua,0,Overall Stable,1.434077701232192,Stable,22.215624561403693
58,2021-01-01,-0.2828710196274944,0.6375139717286288,-0.1556004531774801,Ol Chorro Oiroua,0,Overall Stable,1.0759854445336037,Stable,15.762105336741042
58,2022-01-01,-0.5970049677043583,-0.0050047120465373,0.656240958839844,Ol Chorro Oiroua,1,Overall Stable,1.2582506385907395,Stable,21.244731514117657
58,2023-01-01,-0.9424787592881028,0.2901450709544969,0.8862219789963863,Ol Chorro Oiroua,1,Overall Stable,2.118845809238986,Stable,17.29775467725743
58,2024-01-01,-0.4207450053904495,-0.0724418563810914,0.477077412510776,Ol Chorro Oiroua,1,Overall Stable,0.9702642742823172,Stable,21.01087773309571
58,2025-01-01,-0.1639242212072261,-0.3665341971595352,0.3050130245050914,Ol Chorro Oiroua,1,Overall Stable,0.8354714428718527,Stable,17.057558357497275
54,2019-01-01,0.169606303901929,1.0522713862664987,-0.6553628871680481,Ol Pejeta,0,Overall Stable,1.877240577336476,Stable,14.202609081887829
54,2020-01-01,1.5311554328127828,-0.5339166923018956,-1.5005034304670042,Ol Pejeta,2,Overall Stable,3.565575555581683,Stable,17.025413069012835
54,2021-01-01,0.7967584394946832,0.4248074109834468,-1.0358793962358115,Ol Pejeta,0,Overall Stable,2.257445246713941,Stable,9.97338867452041
54,2022-01-01,-0.2444321215717898,0.5233542575003783,0.1731152834106836,Ol Pejeta,1,Overall Stable,0.9409016624828518,Stable,8.681666818739432
54,2023-01-01,-0.639890244173161,0.7623392289132953,0.4711154393640375,Ol Pejeta,1,Overall Stable,1.873344912450494,Stable,12.605558404581725
54,2024-01-01,0.4663531087843717,-0.5798404638975395,-0.2741535185569537,Ol Pejeta,2,Overall Stable,1.320347091238865,Stable,12.8788240351264
54,2025-01-01,0.1655273005960625,-0.1867050441324204,-0.0904522667160092,Ol Pejeta,1,Overall Stable,0.4426846114444923,Stable,6.578354644858609
59,2019-01-01,-0.4866747744278061,1.223414416452121,-0.1362409216992964,Ol Kinyei,0,Overall Loss,1.8463301125792235,Severe Risk Loss,13.80335052900953
59,2020-01-01,-0.5746243428890211,1.4236055218361188,-0.1733072687957998,Ol Kinyei,0,Overall Loss,2.1715371335209395,Severe Risk Loss,16.588978517435503
59,2021-01-01,-0.6004510382742817,1.2071820819587462,-0.0803387344246238,Ol Kinyei,0,Overall Loss,1.887971854657652,Severe Risk Loss,11.419913933519778
59,2022-01-01,-0.8296179449553552,0.402365322324505,0.7399957289326999,Ol Kinyei,1,Overall Loss,1.97197899621256,Severe Risk Loss,13.527415708793098
59,2023-01-01,-1.103314658449717,0.6639777736581128,0.9120700075829778,Ol Kinyei,1,Overall Loss,2.679362439690808,Severe Risk Loss,12.128656931077634
59,2024-01-01,-0.6524803026009142,0.1946966214419566,0.6535131094369442,Ol Kinyei,1,Overall Loss,1.500690033479815,Severe Risk Loss,19.02272141343474
59,2025-01-01,-0.7097251064265587,0.3148060138439846,0.6686748556341171,Ol Kinyei,1,Overall Loss,1.6932059759046605,Severe Risk Loss,21.93119159435314
55,2019-01-01,0.7901283188297958,0.6347432335606421,-0.9204751958698794,Mugie,0,Overall Gain,2.345346748260317,High Risk Gain,11.08733244682735
55,2020-01-01,1.7559222023018315,-0.6979693191691073,-1.5362699047943642,Mugie,2,Overall Gain,3.990161426265303,High Risk Gain,13.198886291561694
55,2021-01-01,1.2053290690131853,0.0370286669188764,-1.165359936203279,Mugie,2,Overall Gain,2.4077176721353406,High Risk Gain,7.85996054956637
55,2022-01-01,0.188829434738588,-0.1700965845807543,-0.0056785333805393,Mugie,1,Overall Gain,0.3646045526998818,Moderate Risk Gain,6.795277231342357
55,2023-01-01,0.2203484866227565,-0.1584439817961133,0.0377097230330325,Mugie,1,Overall Gain,0.4165021914519024,Moderate Risk Gain,8.746429025078898
55,2024-01-01,0.3229873210857868,-0.5374635269811985,-0.0299383838966678,Mugie,1,Overall Gain,0.8903892319636533,Moderate Risk Gain,10.257747099744016
55,2025-01-01,0.5984735362966015,-0.684102819777443,-0.2523932613770596,Mugie,2,Overall Gain,1.5349696174511045,High Risk Gain,4.003177071108684
57,2019-01-01,-0.5971637452185268,0.7747911180541724,-0.2100983477302912,Olare Orok,0,Overall Loss,1.5820532110029903,Severe Risk Loss,15.7563033417081
57,2020-01-01,-0.6269180246513536,1.086315865055628,-0.2658923611959181,Olare Orok,0,Overall Loss,1.9791262509029,Severe Risk Loss,18.849383047061185
57,2021-01-01,-0.780376898257278,0.9069240246738964,-0.0889775627364188,Olare Orok,0,Overall Loss,1.7762784856675933,Severe Risk Loss,13.071466667344678
57,2022-01-01,-0.8938386234887798,0.0618930981761547,0.8000437330186333,Olare Orok,1,Overall Loss,1.755775454683568,Severe Risk Loss,17.36763039331139
57,2023-01-01,-1.2100798964877444,0.3237395984802863,0.9432795572923924,Olare Orok,1,Overall Loss,2.4770990522604235,Severe Risk Loss,14.74252930783326
57,2024-01-01,-0.6471322940665303,-0.1106642021688934,0.6321108313037654,Olare Orok,1,Overall Loss,1.389907327539189,Moderate Risk Loss,18.82683769740645
57,2025-01-01,-0.5325327399189571,-0.1982151978375796,0.4922983094128225,Olare Orok,1,Overall Loss,1.2230462471693593,Moderate Risk Loss,18.93602710921892
69,2019-01-01,-0.3300223617608644,1.3609799436906245,-0.4287959996013881,Bisandi,0,Overall Stable,2.119798305052877,Stable,14.226669022678898
69,2020-01-01,0.3042569421818473,0.7435912303465253,-0.7666774346080708,Bisandi,0,Overall Stable,1.8145256071364435,Stable,10.241163703364778
69,2021-01-01,-0.517318838213346,1.5414460508826138,-0.2466348323692504,Bisandi,0,Overall Stable,2.3053997214652098,Stable,8.01290441895959
69,2022-01-01,-1.0138963130409142,1.0734420601544512,0.6461515751789928,Bisandi,1,Overall Stable,2.733489948374358,Stable,8.032167916728525
69,2023-01-01,-0.964111628220378,0.9943250367998608,0.569937984869657,Bisandi,1,Overall Stable,2.528374649889896,Stable,17.42178429832587
69,2024-01-01,-0.2013261605539421,0.0851563938542725,0.2019748182400741,Bisandi,1,Overall Stable,0.4884573726482889,Stable,11.206840198695708
69,2025-01-01,-0.6662816138341154,0.5140648084250771,0.4787248812317968,Bisandi,1,Overall Stable,1.6590713034909894,Stable,1.6886334126622426
63,2019-01-01,-0.5510445367768603,0.8187225455501019,-0.4644858867519443,Mount Kenya National Park/Natural Forest,0,Overall Loss,1.8342529690789064,Severe Risk Loss,29.82561726374307
63,2020-01-01,-0.7043293825005937,1.0922338821469493,-0.4324544728780838,Mount Kenya National Park/Natural Forest,0,Overall Loss,2.2290177375256266,Severe Risk Loss,31.02479676398197
63,2021-01-01,-0.7339711267467213,0.7723134863308003,-0.4450554660396514,Mount Kenya National Park/Natural Forest,0,Overall Loss,1.9513400791171729,Severe Risk Loss,19.399424007183832
63,2022-01-01,-0.8757211352120249,0.0332885642916332,0.6924134468443806,Mount Kenya National Park/Natural Forest,1,Overall Loss,1.6014231463480386,Severe Risk Loss,16.252537687076575
63,2023-01-01,-1.2399533635135591,0.3305525449266986,0.8868062833933973,Mount Kenya National Park/Natural Forest,1,Overall Loss,2.457312191833655,Severe Risk Loss,26.908540173460977
63,2024-01-01,-0.8018300668756325,-0.1082029333151351,0.6828547159271064,Mount Kenya National Park/Natural Forest,1,Overall Loss,1.592887716117874,Severe Risk Loss,26.46063493071828
63,2025-01-01,-0.8180360881710218,-0.0014841252741377,0.6447079550323225,Mount Kenya National Park/Natural Forest,1,Overall Loss,1.464228168477482,Moderate Risk Loss,8.62915842481347
67,2019-01-01,0.7912460614528765,0.6923439276283725,-0.8971538922965357,Arabuko Sokoke,0,Overall Gain,2.380743881377785,High Risk Gain,21.172915916475983
67,2020-01-01,1.7611244438467002,-0.7707997596840479,-1.5720188650719047,Arabuko Sokoke,2,Overall Gain,4.103943068602653,High Risk Gain,16.87246560470925
67,2021-01-01,1.2762700811593752,-0.0897797801280362,-1.2045277931834542,Arabuko Sokoke,2,Overall Gain,2.5705776544708656,High Risk Gain,10.702120957275232
67,2022-01-01,0.1488706455763425,-0.1059231648778492,0.0325372564842111,Arabuko Sokoke,1,Overall Gain,0.2873310669384028,Moderate Risk Gain,11.335158108837074
67,2023-01-01,0.1733301417271021,-0.0927051143459026,0.0752679013292004,Arabuko Sokoke,1,Overall Gain,0.3413031574022052,Moderate Risk Gain,20.53559772794445
67,2024-01-01,0.2895523380744708,-0.5067608745065008,-0.0041778366785104,Arabuko Sokoke,1,Overall Gain,0.800491049259482,Moderate Risk Gain,12.437026814868052
67,2025-01-01,0.4854967457993849,-0.5498844416079438,-0.1610889534816298,Arabuko Sokoke,2,Overall Gain,1.1964701408889584,Moderate Risk Gain,1.3776551683743792
68,2019-01-01,1.2365863565800277,0.1116728767336706,-1.194355647304559,Arawale,2,Overall Gain,2.542614880618257,High Risk Gain,11.706766391369218
68,2020-01-01,1.9402829367637573,-1.035676006035276,-1.6645421564328962,Arawale,2,Overall Gain,4.64050109923193,High Risk Gain,9.691381279483586
68,2021-01-01,1.4150704974501247,-0.3518689337171072,-1.271082671154732,Arawale,2,Overall Gain,3.038022102321964,High Risk Gain,7.898060926882696
68,2022-01-01,0.2210681888381408,-0.3338621225471104,0.0157963548965736,Arawale,1,Overall Gain,0.5707266662818249,Moderate Risk Gain,5.88327028252019
68,2023-01-01,0.2139633476281912,-0.282539974561307,0.0586777333556027,Arawale,1,Overall Gain,0.5551810555451009,Moderate Risk Gain,11.56587742341152
68,2024-01-01,0.3261541478417822,-0.7258898465267994,-0.0101421804271502,Arawale,2,Overall Gain,1.062186174795732,Moderate Risk Gain,8.736590360567824
68,2025-01-01,0.5482882590427277,-0.748412390076309,-0.1734482036717182,Arawale,2,Overall Gain,1.470148852790755,Moderate Risk Gain,1.095503862667052
62,2019-01-01,-0.5348781569188571,0.7671887557159776,-0.1108558341213967,Lake Turkana National Parks,0,Overall Loss,1.4129227467562315,Moderate Risk Loss,6.413264498671609
62,2020-01-01,-0.7538696110060724,1.0663691743130197,-0.0488929205229538,Lake Turkana National Parks,0,Overall Loss,1.8691317058420456,Severe Risk Loss,6.326091498419828
62,2021-01-01,-0.8116676912805983,0.8870344763433058,0.1227934532729406,Lake Turkana National Parks,0,Overall Loss,1.8214956208968447,Severe Risk Loss,3.2163812129399942
62,2022-01-01,-0.927422733606976,0.0758840165327713,0.913038665406106,Lake Turkana National Parks,1,Overall Loss,1.9163454155458532,Severe Risk Loss,3.734465622150684
62,2023-01-01,-1.224328771566624,0.2398095146459007,1.1226447446067762,Lake Turkana National Parks,1,Overall Loss,2.586783030819301,Severe Risk Loss,7.091011743334208
62,2024-01-01,-0.9121836708585872,0.2115337570057373,0.8525602611658375,Lake Turkana National Parks,1,Overall Loss,1.9762776890301617,Severe Risk Loss,8.069164264550322
62,2025-01-01,-0.7287943673154761,-0.1069575773118746,0.7509348415507457,Lake Turkana National Parks,1,Overall Loss,1.5866867861780964,Severe Risk Loss,0.7875696366893652
56,2019-01-01,-0.5899509137864426,0.7221582220779157,-0.293336951333465,Mara North,0,Overall Loss,1.6054460871978231,Severe Risk Loss,17.698600205287924
56,2020-01-01,-0.7567210132146515,1.0929139901791554,-0.2472293171895902,Mara North,0,Overall Loss,2.096864320583397,Severe Risk Loss,21.696126719034197
56,2021-01-01,-0.7680537366146192,0.8375174561190964,-0.2005698646180016,Mara North,0,Overall Loss,1.8061410573517167,Severe Risk Loss,14.93430771984217
56,2022-01-01,-0.9652323546257776,0.0334748552738692,0.849709973153334,Mara North,1,Overall Loss,1.8484171830529808,Severe Risk Loss,20.455514294394423
56,2023-01-01,-1.2345813511810573,0.3130131205341995,0.9872422778021772,Mara North,1,Overall Loss,2.534836749517434,Severe Risk Loss,16.68732147385187
56,2024-01-01,-0.7504360082391883,-0.1244601416540435,0.7214418956031693,Mara North,1,Overall Loss,1.5963380454964011,Severe Risk Loss,20.03289488278655
56,2025-01-01,-0.86375391730762,0.0142337601426566,0.7453585422354811,Mara North,1,Overall Loss,1.6233462196857578,Severe Risk Loss,17.967569279770434
53,2019-01-01,-0.5305168686971276,-0.3870035099718674,1.5454713450816175,Loisaba Wilderness,1,Overall Stable,2.4629917237506125,Stable,10.286300691226138
53,2020-01-01,-0.1150087247193522,-1.122368840089056,1.3493681819700507,Loisaba Wilderness,1,Overall Stable,2.586745746778459,Stable,11.65688318981188
53,2021-01-01,-0.2827490375733757,-0.678841514295793,1.3426695265081017,Loisaba Wilderness,1,Overall Stable,2.30426007837727,Stable,6.382881075189234
53,2022-01-01,-0.4143512815680341,-0.8696599392773442,1.1123636058519948,Loisaba Wilderness,1,Overall Stable,2.396374826697373,Stable,5.298597645346916
53,2023-01-01,-0.6419766039679073,-0.6077026821051881,1.2934309696669348,Loisaba Wilderness,1,Overall Stable,2.5431102557400305,Stable,8.517797449942474
53,2024-01-01,-0.5255546506623351,-0.8067896134779549,1.2448556965834128,Loisaba Wilderness,1,Overall Stable,2.5771999607237026,Stable,8.772312788437382
53,2025-01-01,-0.6811259645144319,-0.5503951853425438,1.289753954506195,Loisaba Wilderness,1,Overall Stable,2.5212751043631703,Stable,2.4950878345827694
52,2019-01-01,-0.6802204165731423,-1.7060230511415695,2.3237268872872985,Lemek,1,Overall Loss,4.70997035500201,Severe Risk Loss,17.864139280826006
52,2020-01-01,0.1759570030192557,-3.001383711681924,1.4398638679933151,Lemek,2,Overall Loss,4.617204582694495,Severe Risk Loss,21.94125282946377
52,2021-01-01,-1.290337262332649,-1.3322752311883126,2.8350180731320336,Lemek,1,Overall Loss,5.457630566652995,Severe Risk Loss,15.276138249227838
52,2022-01-01,-1.3103221097354618,-0.8799667482092067,2.4216289996802103,Lemek,1,Overall Loss,4.611917857624879,Severe Risk Loss,20.5774808195682
52,2023-01-01,-0.999447398993898,-1.134575769046286,1.8976153910820677,Lemek,1,Overall Loss,4.031638559122252,Severe Risk Loss,17.110732778919825
52,2024-01-01,-1.0342700116333974,-1.1076654210472925,1.987323807346228,Lemek,1,Overall Loss,4.129259240026917,Severe Risk Loss,20.50379305403727
52,2025-01-01,-1.2050326556851845,-0.899242438918471,2.370318101961788,Lemek,1,Overall Loss,4.474593196565444,Severe Risk Loss,17.535578339215913
6,2019-01-01,0.4837579608222605,0.4724772908723755,-0.5324369666214286,Leparua Community Conservancy,0,Overall Stable,1.4886722183160646,Stable,13.89919729927908
6,2020-01-01,1.6241785247351412,-0.8892449009071438,-1.278748298034976,Leparua Community Conservancy,2,Overall Stable,3.792171723677261,Stable,13.53671352883667
6,2021-01-01,0.9235313358928604,0.0468390648806606,-0.7926279713826986,Leparua Community Conservancy,2,Overall Stable,1.7629983721562197,Stable,8.151614044136096
6,2022-01-01,-0.1759393959483232,0.1057227201330904,0.44870834297849,Leparua Community Conservancy,1,Overall Stable,0.7303704590599038,Stable,6.839404841743238
6,2023-01-01,-0.4193865244142622,0.157629069447105,0.5985182476300587,Leparua Community Conservancy,1,Overall Stable,1.175533841491426,Stable,13.987978330085047
6,2024-01-01,0.2049643896482079,-0.614579758252181,0.1668022274387418,Leparua Community Conservancy,1,Overall Stable,0.9863463753391308,Stable,11.438176917871616
6,2025-01-01,0.0689582808916621,-0.3139042180406624,0.2515118718516091,Leparua Community Conservancy,1,Overall Stable,0.6343743707839338,Stable,5.458370122333857
44,2019-01-01,2.4206268106021267,-1.972658179530896,-2.031050694586722,Elerai,2,Overall Gain,6.424335684719744,High Risk Gain,12.25304673619242
44,2020-01-01,2.987578493543825,-2.929100442351051,-2.4907981611688506,Elerai,2,Overall Gain,8.407477097063726,High Risk Gain,10.664712592736404
44,2021-01-01,2.3511916001054893,-1.6586668882032516,-2.025097123040787,Elerai,2,Overall Gain,6.034955611349528,High Risk Gain,8.770755200810457
44,2022-01-01,0.950969028733836,-1.4174832889090605,-0.5544202737060226,Elerai,2,Overall Gain,2.922872591348919,High Risk Gain,6.648420922651784
44,2023-01-01,1.265777528791885,-1.8306515232273373,-0.8209792765935028,Elerai,2,Overall Gain,3.917408328612725,High Risk Gain,8.675731575716355
44,2024-01-01,1.1035572071594804,-1.6741927153770906,-0.6607697178423065,Elerai,2,Overall Gain,3.4385196403788774,High Risk Gain,12.488556455891812
48,2019-01-01,-0.6711512357580007,1.8179371834815532,-0.4070930559436162,Lewa Wildlife Conservancy,0,Overall Loss,2.89618147518317,Severe Risk Loss,18.6926410805052
48,2020-01-01,-0.14523884147118,1.1870519744354688,-0.6691876775046357,Lewa Wildlife Conservancy,0,Overall Loss,2.001478493411285,Severe Risk Loss,17.30580391703584
48,2021-01-01,-0.5750873948105387,1.646751007718955,-0.3286971885861893,Lewa Wildlife Conservancy,0,Overall Loss,2.550535591115683,Severe Risk Loss,10.654685976926356
48,2022-01-01,-0.8504985809781446,0.783154136623678,0.5896361031939256,Lewa Wildlife Conservancy,1,Overall Loss,2.223288820795748,Severe Risk Loss,8.926390534749245
48,2023-01-01,-0.9901694841759128,0.9618269953038072,0.640639299629793,Lewa Wildlife Conservancy,1,Overall Loss,2.592635779109513,Severe Risk Loss,17.678276468713918
48,2024-01-01,-0.4988929588436182,0.4011255215272102,0.4391317715100203,Lewa Wildlife Conservancy,1,Overall Loss,1.339150251880849,Moderate Risk Loss,14.820363437144826
48,2025-01-01,-0.0367301953222282,-0.1796127104540376,0.1702561477989226,Lewa Wildlife Conservancy,1,Overall Loss,0.3865990535751885,Moderate Risk Loss,7.054559051386288
45,2019-01-01,-0.1293073487357656,1.053838484587985,-0.2289183626078307,Shompole,0,Overall Stable,1.4120641959315814,Stable,8.089367743518402
45,2020-01-01,1.0367216688602143,-0.1337476618909575,-0.9000920443998235,Shompole,2,Overall Stable,2.0705613751509957,Stable,11.14008429827715
45,2021-01-01,-0.1948555467933753,1.1539454593588,-0.2571392408679199,Shompole,0,Overall Stable,1.6059402470200954,Stable,6.228262859875261
45,2022-01-01,-0.8128393327057553,0.490550119934906,0.8327930562661335,Shompole,1,Overall Stable,2.1361825089067947,Stable,5.932459921779175
45,2023-01-01,-0.9864273120514888,0.6276864960261633,0.9282633491331478,Shompole,1,Overall Stable,2.5423771572108,Stable,8.169214239877782
45,2024-01-01,-0.183545114322738,-0.1837013869768542,0.3938001843173672,Shompole,1,Overall Stable,0.7610466856169595,Stable,13.602791950801688
45,2025-01-01,-0.8523162269141286,0.4903880129422167,0.7793125772848527,Shompole,1,Overall Stable,2.122016817141198,Stable,10.984857224550076
46,2019-01-01,-0.0233412832880029,0.386797069694437,-0.1160052872529654,Makurian (Oreteti),0,Overall Stable,0.5261436402354055,Stable,13.757831535402666
46,2020-01-01,1.376050129388529,-0.8672890054023209,-1.1882611910049423,Makurian (Oreteti),2,Overall Stable,3.4316003257957925,Stable,14.078015216564353
46,2021-01-01,0.2427327305529802,0.4588518909199607,-0.4794119687285046,Makurian (Oreteti),0,Overall Stable,1.1809965902014457,Stable,8.244157408007231
46,2022-01-01,0.4073605555513728,-0.7633343392582579,-0.153175415793197,Makurian (Oreteti),2,Overall Stable,1.3238703106028278,Stable,7.394412934992916
46,2023-01-01,-0.7292027618506869,0.2798843311043638,0.91103647944917,Makurian (Oreteti),1,Overall Stable,1.920123572404221,Stable,13.208098093925097
46,2024-01-01,0.159134868609361,-0.589354892394918,0.1374658948933941,Makurian (Oreteti),1,Overall Stable,0.8859556558976731,Stable,11.309414830255234
46,2025-01-01,-0.176825101386556,-0.1920965219029745,0.3584878685088134,Makurian (Oreteti),1,Overall Stable,0.7274094917983439,Stable,7.277531275645444
49,2019-01-01,1.7960115402151289,-0.9401273135524596,-1.5119598228884148,Mpala,2,Overall Gain,4.248098676656003,High Risk Gain,11.519001910529058
49,2020-01-01,2.3904312513360733,-1.9329832976381989,-1.9164411463078272,Mpala,2,Overall Gain,6.239855695282099,High Risk Gain,12.870409755926216
49,2021-01-01,1.7270650694692793,-0.8904772138855179,-1.389691154424911,Mpala,2,Overall Gain,4.007233437779709,High Risk Gain,7.318787892310321
49,2022-01-01,0.6715864642446027,-0.9537446876013372,-0.2346217743340405,Mpala,2,Overall Gain,1.8599529261799803,High Risk Gain,6.691270916328246
49,2023-01-01,0.1669818440909869,-0.3743324892297874,0.1286947809460042,Mpala,1,Overall Gain,0.6700091142667786,Moderate Risk Gain,10.00894776538276
49,2024-01-01,0.991622700612357,-1.4558634824548329,-0.5327431116845075,Mpala,2,Overall Gain,2.980229294751697,High Risk Gain,10.54621944532682
49,2025-01-01,0.5729918455099302,-0.8580365633810167,-0.184578179598743,Mpala,2,Overall Gain,1.61560658848969,High Risk Gain,4.693357146483415
47,2019-01-01,-0.5676201708978,1.9127172141716704,-0.6302420820513348,Motorogi,0,Overall Loss,3.1105794671208056,Severe Risk Loss,15.636475922791796
47,2020-01-01,-0.2349555608658919,1.491371934934401,-0.7541017548476889,Motorogi,0,Overall Loss,2.480429250647982,Severe Risk Loss,18.92678868885205
47,2021-01-01,-0.4220943954781024,1.7060033188599582,-0.6262431488015767,Motorogi,0,Overall Loss,2.754340863139637,Severe Risk Loss,12.79058647132942
47,2022-01-01,-0.7855824285992263,0.8329400352564763,0.4593242199163951,Motorogi,1,Overall Loss,2.0778466837720977,Severe Risk Loss,17.326802699890838
47,2023-01-01,-0.944768516248062,1.0986018687469723,0.4953430973905269,Motorogi,1,Overall Loss,2.5387134823855613,Severe Risk Loss,14.11317042383193
47,2024-01-01,-0.6447035401072447,0.7118413604077175,0.4235768476821736,Motorogi,1,Overall Loss,1.7801217481971356,Severe Risk Loss,18.43161555891421
47,2025-01-01,-0.4179584973785896,0.4955887731791199,0.3095716321475988,Motorogi,1,Overall Loss,1.2231189027053084,Moderate Risk Loss,17.5749497133107
51,2019-01-01,1.7548125417106988,-1.31246165589551,-1.6210253559055992,Solio Ranch and Rhino Sanctuary,2,Overall Gain,4.688299553511808,High Risk Gain,16.409410308926294
51,2020-01-01,1.9804728547134465,-1.679530899406556,-1.6914448524447434,Solio Ranch and Rhino Sanctuary,2,Overall Gain,5.351448606564746,High Risk Gain,18.07858455575918
51,2021-01-01,1.718977213339908,-1.2889137591348727,-1.5524250622286735,Solio Ranch and Rhino Sanctuary,2,Overall Gain,4.560316034703455,High Risk Gain,11.99870647414481
51,2022-01-01,0.5667367872038303,-1.172321832182361,-0.2462418104135247,Solio Ranch and Rhino Sanctuary,2,Overall Gain,1.985300429799716,High Risk Gain,10.092273425912609
51,2023-01-01,0.5475708200428824,-1.1274865009706134,-0.2294331435507685,Solio Ranch and Rhino Sanctuary,2,Overall Gain,1.9044904645642644,High Risk Gain,14.323394997588416
51,2024-01-01,0.4867838842180841,-1.0595947217656096,-0.1375761970782349,Solio Ranch and Rhino Sanctuary,2,Overall Gain,1.683954803061929,High Risk Gain,15.11645538101624
51,2025-01-01,0.3859543554599613,-0.9639256556017972,-0.1263142062442313,Solio Ranch and Rhino Sanctuary,2,Overall Gain,1.4761942173059897,Moderate Risk Gain,10.14610702530517
5,2019-01-01,-0.5218797640533522,1.4509947499626166,-0.255910536304023,Biliqo-Bulesa Community Conservancy,0,Overall Loss,2.228785050319992,Severe Risk Loss,7.442542520233567
5,2020-01-01,-0.3698179017898011,1.269319956861787,-0.3473649982262499,Biliqo-Bulesa Community Conservancy,0,Overall Loss,1.986502856877838,Severe Risk Loss,6.232663131620596
5,2021-01-01,-0.607470782782342,1.6113525737402947,-0.1669233176636585,Biliqo-Bulesa Community Conservancy,0,Overall Loss,2.3857466741862954,Severe Risk Loss,3.6337790535502816
5,2022-01-01,-0.8176913242886955,0.5847277192085867,0.5971470518544816,Biliqo-Bulesa Community Conservancy,1,Overall Loss,1.999566095351764,Severe Risk Loss,3.670457238043795
5,2023-01-01,-0.9698829683804594,0.8317756763756762,0.6847272820456028,Biliqo-Bulesa Community Conservancy,1,Overall Loss,2.4863859268017383,Severe Risk Loss,10.354656991416238
5,2024-01-01,-0.6315135877607245,0.4198082273619979,0.4995529600303129,Biliqo-Bulesa Community Conservancy,1,Overall Loss,1.5508747751530354,Severe Risk Loss,4.868535845221815
5,2025-01-01,-0.7559158544667122,0.6180242385159518,0.5231290862948494,Biliqo-Bulesa Community Conservancy,1,Overall Loss,1.8970691792775132,Severe Risk Loss,0.6754399180036491
50,2019-01-01,0.5966178127412568,0.6169158585262497,-0.8159212657167475,Borana,0,Overall Gain,2.029454936984254,High Risk Gain,18.429976433460364
50,2020-01-01,2.1074666465783976,-1.3711826906892928,-1.7705284150807463,Borana,2,Overall Gain,5.249177752348436,High Risk Gain,17.39716859669059
50,2021-01-01,1.059551863846319,0.093963363358176,-1.0667778457404735,Borana,2,Overall Gain,2.2202930729449686,High Risk Gain,10.99639831270649
50,2022-01-01,0.1805205957520374,-0.1827595773395843,0.0759543713161218,Borana,1,Overall Gain,0.4392345444077435,Moderate Risk Gain,9.244984795325774
50,2023-01-01,-0.3407065318959654,0.1863304970059259,0.4236163307616457,Borana,1,Overall Gain,0.9506533596635368,Moderate Risk Gain,16.963004919567904
50,2024-01-01,0.4288942038905852,-0.7518256273860954,-0.1059771643070039,Borana,2,Overall Gain,1.2866969955836849,Moderate Risk Gain,14.548799327449318
50,2025-01-01,0.2077213850557025,-0.3979973914640788,0.0602781364188305,Borana,1,Overall Gain,0.6659969129386119,Moderate Risk Gain,9.398083493848482
42,2019-01-01,-0.7722365307369634,1.5790420030183665,-0.0786825726014724,Osupuko,0,Overall Loss,2.429961106356802,Severe Risk Loss,9.295120772142576
42,2020-01-01,0.0567155278480059,0.8836406507408573,-0.4760842815288273,Osupuko,0,Overall Loss,1.4164404601176903,Moderate Risk Loss,8.909735237277093
42,2021-01-01,-0.7133771904877979,1.620537113187724,-0.1304448307894278,Osupuko,0,Overall Loss,2.46435913446495,Severe Risk Loss,6.831591603770688
42,2022-01-01,-1.1055033817326958,1.0009751449622015,0.6906079157388035,Osupuko,1,Overall Loss,2.797086442433701,Severe Risk Loss,5.087804141953362
42,2023-01-01,-1.1096282519881713,0.9297678200703684,0.6638844470745213,Osupuko,1,Overall Loss,2.703280519133061,Severe Risk Loss,6.8927610379177615
42,2024-01-01,-0.6584948341998406,0.5151312048800931,0.5915482428166605,Osupuko,1,Overall Loss,1.765174281896594,Severe Risk Loss,9.31575985277113
42,2025-01-01,-1.017234263458817,0.8646793723489986,0.825108129440794,Osupuko,1,Overall Loss,2.707021765248609,Severe Risk Loss,13.57719963323986
37,2019-01-01,0.1101850286761331,1.200464835561034,-0.7215322004077943,Kimana Wildlife Sanctuary,0,Overall Stable,2.032182064644961,Stable,9.588069449053656
37,2020-01-01,1.3485665636488495,-0.5611514333303145,-1.1656235235740415,Kimana Wildlife Sanctuary,2,Overall Stable,3.0753415205532058,Stable,9.374646418087552
37,2021-01-01,0.7925546727381064,0.4888088227804943,-0.8608043716014202,Kimana Wildlife Sanctuary,0,Overall Stable,2.142167867120021,Stable,7.252599827004393
37,2022-01-01,0.090668434173462,-0.372434757452634,0.0781155364248279,Kimana Wildlife Sanctuary,1,Overall Stable,0.541218728050924,Stable,5.363696781354822
37,2023-01-01,-0.7074893366638998,0.6160050638083919,0.5561693300974674,Kimana Wildlife Sanctuary,1,Overall Stable,1.8796637305697592,Stable,7.260390484935767
37,2024-01-01,-0.3171851526548112,0.0897422193202077,0.373498072338167,Kimana Wildlife Sanctuary,1,Overall Stable,0.780425444313186,Stable,9.683884657881244
37,2025-01-01,-0.2824153637691462,0.3059419228576276,0.3098737044749157,Kimana Wildlife Sanctuary,1,Overall Stable,0.8982309911016896,Stable,13.556550272819509
38,2019-01-01,-0.0431138805230541,1.147218479228116,-0.4479318329910277,Imbirikani,0,Overall Stable,1.6382641927421977,Stable,9.83177749932046
38,2020-01-01,1.0282533194821062,-0.0120215640139474,-1.016919992795623,Imbirikani,2,Overall Stable,2.0571948762916765,Stable,9.925303989666157
38,2021-01-01,-0.0206972715097743,1.169692963180578,-0.4631569186436491,Imbirikani,0,Overall Stable,1.6535471533340016,Stable,7.4769559458400785
38,2022-01-01,-0.7036006231064815,0.6103343356917341,0.6560049064472294,Imbirikani,1,Overall Stable,1.9699398652454447,Stable,5.153715333365911
38,2023-01-01,-0.8454483341316089,0.6688094687534517,0.7408377882664258,Imbirikani,1,Overall Stable,2.2550955911514863,Stable,8.08967529463902
38,2024-01-01,-0.2105594576494565,0.0372134322337702,0.3214505931699727,Imbirikani,1,Overall Stable,0.5692234830531996,Stable,10.513377091926344
38,2025-01-01,-0.744247491322011,0.5436929732092769,0.599499593562715,Imbirikani,1,Overall Stable,1.887440058094003,Stable,10.537195958567002
35,2019-01-01,2.7187885539525483,-2.42970246090464,-2.4171425134371964,Ol Lentille Conservancy,2,Overall Gain,7.565633528294384,High Risk Gain,12.589559577560811
35,2020-01-01,2.908429584889637,-2.563531577691807,-2.485278549999356,Ol Lentille Conservancy,2,Overall Gain,7.957239712580799,High Risk Gain,12.88302660016689
35,2021-01-01,2.7520408552908044,-2.531181294032876,-2.367641802141633,Ol Lentille Conservancy,2,Overall Gain,7.650863951465315,High Risk Gain,7.828455999053109
35,2022-01-01,0.9405390361912856,-1.6134844117186764,-0.5528639325051115,Ol Lentille Conservancy,2,Overall Gain,3.106887380415073,High Risk Gain,6.506090071178179
35,2023-01-01,0.8956734536310907,-1.586545745799805,-0.5211317716482107,Ol Lentille Conservancy,2,Overall Gain,3.003350971079106,High Risk Gain,12.556051072012371
35,2024-01-01,0.9350714022440412,-1.6000306136570663,-0.5009375510729638,Ol Lentille Conservancy,2,Overall Gain,3.036039566974071,High Risk Gain,10.652976087068144
35,2025-01-01,0.8713608647281995,-1.6844345886775596,-0.4670106089609917,Ol Lentille Conservancy,2,Overall Gain,3.0228060623667505,High Risk Gain,3.5055188377020534
39,2019-01-01,-0.3918344665928952,1.6551370904608804,-0.5085854413756387,Elangata Wuas,0,Overall Loss,2.5555569984294144,Severe Risk Loss,10.372852620161318
39,2020-01-01,-0.2453211133428932,1.4270745757939105,-0.608539871291228,Elangata Wuas,0,Overall Loss,2.2809355604280315,Severe Risk Loss,11.29361057546452
39,2021-01-01,-0.4984018661830791,1.8797633237216869,-0.4565047575046912,Elangata Wuas,0,Overall Loss,2.834669947409457,Severe Risk Loss,7.346053350874641
39,2022-01-01,-0.7625742384767342,0.6378354462337135,0.5233686112439637,Elangata Wuas,1,Overall Loss,1.9237782959544116,Severe Risk Loss,6.622280038129032
39,2023-01-01,-0.9333341373782854,0.9366660789589796,0.6071823662459224,Elangata Wuas,1,Overall Loss,2.4771825825831875,Severe Risk Loss,7.184392062263928
39,2024-01-01,-0.4589728900238706,0.3218714673232991,0.3576572664874249,Elangata Wuas,1,Overall Loss,1.1385016238345946,Moderate Risk Loss,14.497518990294504
39,2025-01-01,-0.7241434006716381,0.7436804447755531,0.4379963784949261,Elangata Wuas,1,Overall Loss,1.9058202239421167,Severe Risk Loss,9.342229235749146
40,2019-01-01,-0.6859458531425442,1.0060681286417112,0.062386251628034,Esenlenkei,0,Overall Loss,1.7544002334122897,Severe Risk Loss,10.717587092083024
40,2020-01-01,0.497201295271272,0.0742639082122208,-0.6802462112004012,Esenlenkei,0,Overall Loss,1.251711414683894,Moderate Risk Loss,11.295231745296752
40,2021-01-01,-0.5586963214758589,0.9618899810276412,-0.0001610790437624,Esenlenkei,0,Overall Loss,1.5207473815472627,Severe Risk Loss,8.287627740970482
40,2022-01-01,-1.1144629892379212,0.3635796258824591,1.0008674976533616,Esenlenkei,1,Overall Loss,2.478910112773742,Severe Risk Loss,5.96317968920739
40,2023-01-01,-1.0974760677389928,0.3302331670654821,0.948361318922536,Esenlenkei,1,Overall Loss,2.376070553727011,Severe Risk Loss,9.015886555509065
40,2024-01-01,-0.6035314339472815,0.091495103594825,0.6291803784065935,Esenlenkei,1,Overall Loss,1.3242069159487,Moderate Risk Loss,12.813746816152936
40,2025-01-01,-0.9821259242182456,0.4167087426289546,0.9123852207242052,Esenlenkei,1,Overall Loss,2.311219887571405,Severe Risk Loss,11.443713591019671
36,2019-01-01,-0.60763136376863,1.9515108339258944,-0.5384667658287512,Ol Pejeta Conservancy,0,Overall Loss,3.0976089635232755,Severe Risk Loss,14.230049356851175
36,2020-01-01,-0.2466394456255602,1.439213680607728,-0.5335286858601971,Ol Pejeta Conservancy,0,Overall Loss,2.219381812093485,Severe Risk Loss,17.05808377254857
36,2021-01-01,-0.5114060574306638,1.7761647333329778,-0.5080997886878517,Ol Pejeta Conservancy,0,Overall Loss,2.7956705794514933,Severe Risk Loss,9.993523237740888
36,2022-01-01,-0.8283222026463065,0.830572402798481,0.4137346528564037,Ol Pejeta Conservancy,1,Overall Loss,2.072629258301191,Severe Risk Loss,8.702755616919301
36,2023-01-01,-0.9047369290542804,1.0287597464255385,0.4963035223251377,Ol Pejeta Conservancy,1,Overall Loss,2.4298001978049566,Severe Risk Loss,12.63167985784427
36,2024-01-01,-0.7636827771556279,0.8862648335636636,0.4570106655917086,Ol Pejeta Conservancy,1,Overall Loss,2.1069582763110004,Severe Risk Loss,12.899742977793322
36,2025-01-01,-0.5363262345822166,0.6547123344461083,0.2739112317253623,Ol Pejeta Conservancy,1,Overall Loss,1.4649498007536872,Moderate Risk Loss,6.59040630147495
4,2019-01-01,1.3527633691527632,-0.5147334327515004,-1.2850756019860117,Awer Community Conservancy,2,Overall Gain,3.152572403890275,High Risk Gain,10.441615853170031
4,2020-01-01,0.6315854330673102,0.497323653736349,-0.8339980063592751,Awer Community Conservancy,0,Overall Gain,1.9629070931629344,High Risk Gain,11.780366629074267
4,2021-01-01,0.8382471249607675,0.1628438574076175,-1.0497372885216782,Awer Community Conservancy,2,Overall Gain,2.050828270890064,High Risk Gain,6.06273532668956
4,2022-01-01,0.3671056013995224,-0.8792679807923393,-0.0018007365919442,Awer Community Conservancy,2,Overall Gain,1.2481743187838057,Moderate Risk Gain,8.536855873075599
4,2023-01-01,-0.1178434551336235,-0.3318875646305235,0.3251708184475394,Awer Community Conservancy,1,Overall Gain,0.7749018382116866,Moderate Risk Gain,13.246961817603124
4,2024-01-01,0.3494927247382179,-0.8229891945468069,-0.0032566824557801,Awer Community Conservancy,2,Overall Gain,1.1757386017408051,Moderate Risk Gain,10.8027415308296
4,2025-01-01,0.6455497494768632,-1.234106853956011,-0.2090163403233428,Awer Community Conservancy,2,Overall Gain,2.088672943756217,High Risk Gain,0.4812745104198722
43,2019-01-01,-0.820088372815529,1.1254532802021635,0.2713039906444667,Taita Hills,0,Overall Loss,2.2168456436621597,Severe Risk Loss,14.416679096609686
43,2020-01-01,0.0577894058563467,0.7254596681403929,-0.3045706289107952,Taita Hills,0,Overall Loss,1.087819702907535,Moderate Risk Loss,12.208884016663582
43,2021-01-01,-0.7871614738090498,1.1734781975321602,0.2261493169740532,Taita Hills,0,Overall Loss,2.186788988315264,Severe Risk Loss,7.830339684194005
43,2022-01-01,-1.124797751254634,0.528694862827498,0.9582791916155846,Taita Hills,1,Overall Loss,2.6117718056977166,Severe Risk Loss,6.403277799482668
43,2023-01-01,-1.1493343498912163,0.4893258075334857,0.968378146516725,Taita Hills,1,Overall Loss,2.607038303941427,Severe Risk Loss,12.435280453470051
43,2024-01-01,-0.7324952404789157,0.3647894861502099,0.7065920188978592,Taita Hills,1,Overall Loss,1.8038767455269848,Severe Risk Loss,9.85158153726693
43,2025-01-01,-0.99312829602928,0.6378453437567789,0.9298086790904194,Taita Hills,1,Overall Loss,2.5607823188764787,Severe Risk Loss,7.059226400458754
41,2019-01-01,-0.7497038383076166,1.4436961768179402,-0.0057781174268728,Motikanju,0,Overall Loss,2.1991781325524298,Severe Risk Loss,9.06401262209176
41,2020-01-01,-0.5719846577380008,1.3855923449896763,-0.1188768824182716,Motikanju,0,Overall Loss,2.076453885145949,Severe Risk Loss,9.471375092508328
41,2021-01-01,-0.8280741028614091,1.6141572245846438,0.0491579195795986,Motikanju,0,Overall Loss,2.491389247025652,Severe Risk Loss,7.100589271549834
41,2022-01-01,-1.0553983606451178,0.894483376815781,0.7319508310424047,Motikanju,1,Overall Loss,2.6818325685033035,Severe Risk Loss,5.044424820512451
41,2023-01-01,-1.082255698478665,0.9348166383603704,0.7203340388768972,Motikanju,1,Overall Loss,2.7374063757159326,Severe Risk Loss,7.263677480460313
41,2024-01-01,-0.7430519604479815,0.607787326925347,0.5336290991673293,Motikanju,1,Overall Loss,1.8844683865406575,Severe Risk Loss,9.480080555618072
41,2025-01-01,-0.7395705419032755,0.5690114347719119,0.5173543039409817,Motikanju,1,Overall Loss,1.825936280616169,Severe Risk Loss,13.028055693531591
34,2019-01-01,1.030885167421249,0.2689940978440767,-1.054409785406464,Tawi,2,Overall Gain,2.354289050671789,High Risk Gain,9.883039895214118
34,2020-01-01,1.5701831654877696,-0.5222925411091334,-1.4421336600780847,Tawi,2,Overall Gain,3.534609366674988,High Risk Gain,9.09243601401878
34,2021-01-01,1.205431011098539,-0.1361476446906908,-1.1674083231489891,Tawi,2,Overall Gain,2.508986978938219,High Risk Gain,7.371211143969912
34,2022-01-01,0.2336304019766728,-0.2993298626904113,-0.0539173332511923,Tawi,1,Overall Gain,0.5868775979182765,Moderate Risk Gain,5.229960848474602
34,2023-01-01,0.1595755793936385,-0.215879234365953,0.0868099538710452,Tawi,1,Overall Gain,0.4622647676306368,Moderate Risk Gain,6.8439652476181685
34,2024-01-01,0.2556904894246004,-0.4964592681848991,0.0137233335186405,Tawi,1,Overall Gain,0.7658730911281402,Moderate Risk Gain,10.028764943197414
34,2025-01-01,0.5447868727203687,-0.8006872741657879,-0.2197784377763736,Tawi,2,Overall Gain,1.5652525846625305,High Risk Gain,14.733763216956849
31,2019-01-01,0.9737066063985376,-1.667675620914865,-0.0936579093134929,West Gate Community Conservancy,2,Overall Stable,2.735040136626896,Stable,9.49594610251949
31,2020-01-01,0.8076794219639403,-2.02872929495119,0.0221541936905065,West Gate Community Conservancy,2,Overall Stable,2.858562910605637,Stable,9.612899302944546
31,2021-01-01,0.98429232604169,-1.899331055711197,-0.1148115421815109,West Gate Community Conservancy,2,Overall Stable,2.9984349239343984,Stable,6.00332967354898
31,2022-01-01,0.1638174464162095,-1.2539557157379957,0.3940758406363375,West Gate Community Conservancy,1,Overall Stable,1.8118490027905425,Stable,4.939204292869082
31,2023-01-01,0.0494484030022607,-1.130688999025823,0.5017172832114392,West Gate Community Conservancy,1,Overall Stable,1.681854685239523,Stable,10.742234396545342
31,2024-01-01,0.1063521774892908,-1.2304843992668997,0.4882466337397443,West Gate Community Conservancy,1,Overall Stable,1.8250832104959347,Stable,8.067552616615501
31,2025-01-01,-0.0335162031338475,-1.1532897475439392,0.6262330247643473,West Gate Community Conservancy,1,Overall Stable,1.8130389754421337,Stable,2.712118982848253
28,2019-01-01,-0.0277815226363367,0.7773439395530899,-0.43792267399681,Ruko Community Widlife Conservancy,0,Overall Stable,1.2430481361862369,Stable,13.897004541108156
28,2020-01-01,1.2555238157699486,-0.6583662949438863,-1.2076302004542228,Ruko Community Widlife Conservancy,2,Overall Stable,3.121520311168058,Stable,18.414195786968435
28,2021-01-01,0.5173562847650601,0.3654546801797372,-0.7902588736084132,Ruko Community Widlife Conservancy,0,Overall Stable,1.6730698385532106,Stable,9.663707969585912
28,2022-01-01,-0.4159044414259019,0.1897536380863262,0.3986257878104425,Ruko Community Widlife Conservancy,1,Overall Stable,1.0042838673226706,Stable,9.89837453138457
28,2023-01-01,-0.4415090060576943,0.1673497442567379,0.435359836474847,Ruko Community Widlife Conservancy,1,Overall Stable,1.0442185867892793,Stable,10.788717774516249
28,2024-01-01,-0.2329688818519362,-0.052579424810576,0.3072507327913072,Ruko Community Widlife Conservancy,1,Overall Stable,0.5927990394538195,Stable,13.982800395766652
28,2025-01-01,-0.6099501153400645,0.3327974490264843,0.5149395690211598,Ruko Community Widlife Conservancy,1,Overall Stable,1.4576871333877086,Stable,5.151910636500664
3,2019-01-01,-2.39276033421618,-0.5447570589012097,3.844931417058658,Lake Bogoria,1,Overall Loss,6.782448810176048,Severe Risk Loss,16.361821483760977
3,2020-01-01,-2.462436438142415,-0.6361295054731815,4.009604615782074,Lake Bogoria,1,Overall Loss,7.108170559397671,Severe Risk Loss,21.610118170737746
3,2021-01-01,-2.3151112203034545,-0.616792040077938,3.8476796250541816,Lake Bogoria,1,Overall Loss,6.779582885435574,Severe Risk Loss,12.87652812214432
3,2022-01-01,-1.8995070803309624,-0.5816944595963779,2.91336492698672,Lake Bogoria,1,Overall Loss,5.3945664669140605,Severe Risk Loss,12.463103984498638
3,2023-01-01,-2.031984867110751,-0.5644147985552358,3.074560814684897,Lake Bogoria,1,Overall Loss,5.670960480350884,Severe Risk Loss,12.855293687638516
3,2024-01-01,-1.832490182723999,-0.6410001486661263,2.8752705099068,Lake Bogoria,1,Overall Loss,5.348760841296925,Severe Risk Loss,17.609426098134772
3,2025-01-01,-1.9320852310743648,-0.601908443459843,3.018826623410006,Lake Bogoria,1,Overall Loss,5.552820297944214,Severe Risk Loss,5.72749265116857
26,2019-01-01,1.8671526793094864,-1.252459996439012,-1.5603791799577011,Namunyak Wildlife Conservation Trust,2,Overall Gain,4.6799918557062,High Risk Gain,9.34208631448701
26,2020-01-01,2.363672663024478,-1.9418532815576208,-1.8672657392640872,Namunyak Wildlife Conservation Trust,2,Overall Gain,6.172791683846186,High Risk Gain,9.848193655086682
26,2021-01-01,1.5904914564127626,-0.7624919870133026,-1.3398274226739766,Namunyak Wildlife Conservation Trust,2,Overall Gain,3.692810866100042,High Risk Gain,5.633971246795866
26,2022-01-01,1.024669466412471,-1.0327300612672918,-0.5911964104843456,Namunyak Wildlife Conservation Trust,2,Overall Gain,2.6485959381641084,High Risk Gain,5.240669671255501
26,2023-01-01,0.0719983445788138,-0.346665716384792,0.2215881062271764,Namunyak Wildlife Conservation Trust,1,Overall Gain,0.6402521671907823,Moderate Risk Gain,11.343965621518484
26,2024-01-01,1.0514804545547187,-1.4894613570549229,-0.5988271206878993,Namunyak Wildlife Conservation Trust,2,Overall Gain,3.139768932297541,High Risk Gain,8.18644767270442
26,2025-01-01,0.5787173827086979,-0.8179655459973622,-0.2312985626293309,Namunyak Wildlife Conservation Trust,2,Overall Gain,1.627981491335391,High Risk Gain,2.1194523610327627
33,2019-01-01,-0.849309035127971,1.4264790557698404,0.0622837359808971,Ol Jogi Ranch,0,Overall Loss,2.3380718268787084,Severe Risk Loss,13.227880068371489
33,2020-01-01,-0.4087860223392745,1.153732777016183,-0.1274577757788895,Ol Jogi Ranch,0,Overall Loss,1.689976575134347,Severe Risk Loss,13.825545194686462
33,2021-01-01,-0.8077455936169434,1.4273819746920386,0.0729316661515166,Ol Jogi Ranch,0,Overall Loss,2.3080592344604987,Severe Risk Loss,8.196154338397315
33,2022-01-01,-1.1419932004069828,0.8243174191373068,0.8243475789866005,Ol Jogi Ranch,1,Overall Loss,2.79065819853089,Severe Risk Loss,7.515117573603795
33,2023-01-01,-1.1139018608451383,0.773642878312792,0.7429624492687529,Ol Jogi Ranch,1,Overall Loss,2.6305071884266837,Severe Risk Loss,11.63583994639137
33,2024-01-01,-0.792621414196691,0.5074878282063625,0.5805153673821208,Ol Jogi Ranch,1,Overall Loss,1.8806246097851744,Severe Risk Loss,10.98575213591056
33,2025-01-01,-0.9777430108213654,0.704287364227023,0.7252078709842851,Ol Jogi Ranch,1,Overall Loss,2.407238246032674,Severe Risk Loss,5.197226970622407
27,2019-01-01,2.9902978916000227,-2.81504718237561,-2.5923055585493557,Pate Marine Community Conservancy,2,Overall Gain,8.397650632524988,High Risk Gain,13.187907867680678
27,2020-01-01,3.019660538198478,-2.817663493212312,-2.5880725557545547,Pate Marine Community Conservancy,2,Overall Gain,8.425396587165345,High Risk Gain,16.53158344940273
27,2021-01-01,3.04592341673773,-2.899842001985128,-2.630251457385904,Pate Marine Community Conservancy,2,Overall Gain,8.57601687610876,High Risk Gain,7.808081119362955
27,2022-01-01,1.1093718013867244,-1.8089519960074456,-0.6999833254091938,Pate Marine Community Conservancy,2,Overall Gain,3.618307122803364,High Risk Gain,9.488962656424654
27,2023-01-01,1.116217888619209,-1.8208153548497372,-0.7146509765358076,Pate Marine Community Conservancy,2,Overall Gain,3.6516842200047535,High Risk Gain,11.81316785522789
27,2024-01-01,1.12555905842298,-1.7890502644556423,-0.7062120280230548,Pate Marine Community Conservancy,2,Overall Gain,3.620821350901677,High Risk Gain,11.223164911709896
27,2025-01-01,1.1605106575478914,-1.9084782934680191,-0.7787414645549252,Pate Marine Community Conservancy,2,Overall Gain,3.847730415570836,High Risk Gain,0.3700558240474287
30,2019-01-01,-0.2324488678715266,1.3985848382756212,-0.3407908968577924,Songa Community Conservancy,0,Overall Stable,1.97182460300494,Stable,11.797470630166696
30,2020-01-01,1.105651713797518,0.0262931992722829,-1.16901207251867,Songa Community Conservancy,2,Overall Stable,2.3009569855884706,Stable,13.370428867452462
30,2021-01-01,-0.3153845522848085,1.5989416607910112,-0.23477149110486,Songa Community Conservancy,0,Overall Stable,2.14909770418068,Stable,5.497231589961263
30,2022-01-01,-0.8902863946862495,1.0113353116262775,0.7059946812858788,Songa Community Conservancy,1,Overall Stable,2.607616387598406,Stable,6.065908897997202
30,2023-01-01,-0.820024835157026,0.8816696656901366,0.6101185182087873,Songa Community Conservancy,1,Overall Stable,2.31181301905595,Stable,17.500819735447326
30,2024-01-01,-0.1262535696506246,0.086423915363805,0.2067449023987106,Songa Community Conservancy,1,Overall Stable,0.4194223874131402,Stable,10.446083206995034
30,2025-01-01,-0.7489575977999636,0.772794851970262,0.6368191453418935,Songa Community Conservancy,1,Overall Stable,2.1585715951121194,Stable,2.564843232303465
25,2019-01-01,0.8557748642318344,0.5305322455029837,-1.0890627275933331,Nakuprat-Gotu Community Conservancy,0,Overall Stable,2.4753698373281514,Stable,11.04105820699906
25,2020-01-01,1.4559807728233791,-0.161866913532312,-1.3895076037459586,Nakuprat-Gotu Community Conservancy,2,Overall Stable,3.00735529010165,Stable,10.066898804015294
25,2021-01-01,1.2583018735854676,-0.0608375379242505,-1.153931149586661,Nakuprat-Gotu Community Conservancy,2,Overall Stable,2.473070561096379,Stable,5.607870359025265
25,2022-01-01,-0.1301062103038266,0.0197047823977239,0.397760497574282,Nakuprat-Gotu Community Conservancy,1,Overall Stable,0.5475714902758326,Stable,5.524232360351305
25,2023-01-01,-0.1003372620165745,-0.1261339521521499,0.3125016425742905,Nakuprat-Gotu Community Conservancy,1,Overall Stable,0.538972856743015,Stable,13.233578967595754
25,2024-01-01,0.0743219075465825,-0.312066407402008,0.2634863105112986,Nakuprat-Gotu Community Conservancy,1,Overall Stable,0.6498746254598892,Stable,9.269617652692146
25,2025-01-01,-0.1924063922499148,-0.1186086611631067,0.4126622612187087,Nakuprat-Gotu Community Conservancy,1,Overall Stable,0.7236773146317304,Stable,1.012331502655792
32,2019-01-01,-0.4416356787668664,-0.1166917158098705,0.7288975197061591,Ngorare,1,Overall Stable,1.2872249142828962,Stable,11.02535993684961
32,2020-01-01,0.5632523477139788,-1.512711539914367,0.3381083937445947,Ngorare,2,Overall Stable,2.4140722813729405,Stable,13.384291409847163
32,2021-01-01,-0.2653380431836342,-0.5167119637627405,0.8006068671324098,Ngorare,1,Overall Stable,1.5826568740787843,Stable,7.655541115757856
32,2022-01-01,-0.3396046882609169,-0.8479059695349593,0.8346493345193888,Ngorare,1,Overall Stable,2.022159992315265,Stable,7.111085107637393
32,2023-01-01,-0.7041303850158862,-0.4981920007430974,1.0851540498375265,Ngorare,1,Overall Stable,2.28747643559651,Stable,9.87015388452786
32,2024-01-01,-0.258378398737152,-0.9712232327969113,0.8151316896526791,Ngorare,1,Overall Stable,2.0447333211867424,Stable,11.193328599136631
32,2025-01-01,-0.8531776063721916,-0.3217216596949379,1.2385002317105278,Ngorare,1,Overall Stable,2.4133994977776574,Stable,5.239784696585739
29,2019-01-01,0.5640464623313934,0.4550998086451522,-0.8909187580869986,Shura Community Conservancy,0,Overall Gain,1.9100650290635444,High Risk Gain,5.209076838208848
29,2020-01-01,2.1979828621837805,-1.501287431924939,-1.8828628561764256,Shura Community Conservancy,2,Overall Gain,5.582133150285145,High Risk Gain,5.908790827531986
29,2021-01-01,1.139251329665202,0.0135688963847196,-1.2619641196944165,Shura Community Conservancy,2,Overall Gain,2.414784345744338,High Risk Gain,2.808288305393402
29,2022-01-01,-0.0468264124250263,-0.1031315399297497,0.1700329300312161,Shura Community Conservancy,1,Overall Gain,0.3199908823859922,Moderate Risk Gain,2.943881092313262
29,2023-01-01,0.0004786283580514,-0.2037013117498806,0.1497582242218914,Shura Community Conservancy,1,Overall Gain,0.3539381643298235,Moderate Risk Gain,7.975280347862456
29,2024-01-01,0.225526919670951,-0.4710554435298402,-0.0148554373975722,Shura Community Conservancy,1,Overall Gain,0.7114378005983635,Moderate Risk Gain,4.123790335393849
29,2025-01-01,-0.3287352860967947,0.1191249888490998,0.3303761437662925,Shura Community Conservancy,1,Overall Gain,0.7782364187121871,Moderate Risk Gain,0.9659979044215636
24,2019-01-01,-0.7440571656969094,1.1922143871685118,0.1381524012705026,Naibunga Conservancy Trust,0,Overall Loss,2.0744239541359235,Severe Risk Loss,11.855151035633458
24,2020-01-01,0.2068107542404759,0.5657764615360702,-0.4238484866110043,Naibunga Conservancy Trust,0,Overall Loss,1.1964357023875505,Moderate Risk Loss,12.085905054832724
24,2021-01-01,-0.7785160037222093,1.2697148987524576,0.1807125857154256,Naibunga Conservancy Trust,0,Overall Loss,2.2289434881900925,Severe Risk Loss,7.247472306402894
24,2022-01-01,-1.1196827630122133,0.6792400195174905,0.8899774977161653,Naibunga Conservancy Trust,1,Overall Loss,2.688900280245869,Severe Risk Loss,6.231239172645181
24,2023-01-01,-1.0881330758367336,0.614155126470338,0.8279875212828209,Naibunga Conservancy Trust,1,Overall Loss,2.5302757235898925,Severe Risk Loss,11.232486283059952
24,2024-01-01,-0.7256690203013644,0.4630120795523907,0.714564129137628,Naibunga Conservancy Trust,1,Overall Loss,1.9032452289913837,Severe Risk Loss,9.813418873542291
24,2025-01-01,-1.044154141520736,0.736286466555171,0.9455433624278674,Naibunga Conservancy Trust,1,Overall Loss,2.7259839705037745,Severe Risk Loss,3.4991976216466285
21,2019-01-01,0.4846044291415221,0.7323865469657684,-0.7808160226915238,Meibae Community Conservancy,0,Overall Stable,1.9978069987988143,Stable,8.632588061940593
21,2020-01-01,0.6155041339937033,0.6803255025868193,-0.8426945043579802,Meibae Community Conservancy,0,Overall Stable,2.138524140938503,Stable,8.978945123228522
21,2021-01-01,0.1835275281124099,1.077407472948367,-0.3976965374389623,Meibae Community Conservancy,0,Overall Stable,1.658631538499739,Stable,5.5008237393581885
21,2022-01-01,-0.1541212333585442,0.172003669401435,0.3720612207790384,Meibae Community Conservancy,1,Overall Stable,0.6981861235390177,Stable,4.560552835240873
21,2023-01-01,-0.9086642782414172,0.774478273115227,0.9091879966896116,Meibae Community Conservancy,1,Overall Stable,2.592330548046256,Stable,8.931674652634822
21,2024-01-01,0.0739974747193039,-0.4048056622962319,0.1774024559812529,Meibae Community Conservancy,1,Overall Stable,0.6562055929967887,Stable,7.39134405834805
21,2025-01-01,0.0802356704997297,-0.2792821056148631,0.1663312152194185,Meibae Community Conservancy,1,Overall Stable,0.5258489913340114,Stable,2.4478749815846395
20,2019-01-01,-0.6418972942069282,1.9031971422256972,-0.3762527221057712,Ltungai Community Conservancy Trust,0,Overall Loss,2.921347158538397,Severe Risk Loss,12.417435828020407
20,2020-01-01,-0.1479310954745534,1.3189229193817733,-0.5388902556557508,Ltungai Community Conservancy Trust,0,Overall Loss,2.0057442705120776,Severe Risk Loss,15.490768704087316
20,2021-01-01,-0.6434173299122722,1.8413653827655996,-0.2985870641023452,Ltungai Community Conservancy Trust,0,Overall Loss,2.783369776780217,Severe Risk Loss,8.790474851515794
20,2022-01-01,-0.8659755773265975,0.902469025903253,0.4869661284406536,Ltungai Community Conservancy Trust,1,Overall Loss,2.255410731670504,Severe Risk Loss,8.26609634279479
20,2023-01-01,-1.012575277120657,1.1658138095681931,0.5503775446973617,Ltungai Community Conservancy Trust,1,Overall Loss,2.728766631386212,Severe Risk Loss,9.67221510795454
20,2024-01-01,-0.7251757631048494,0.8211840697079786,0.4997890875776571,Ltungai Community Conservancy Trust,1,Overall Loss,2.046148920390485,Severe Risk Loss,12.073319345658442
20,2025-01-01,-0.3666553142883161,0.3387414039699488,0.278450026418902,Ltungai Community Conservancy Trust,1,Overall Loss,0.9838467446771668,Moderate Risk Loss,5.474859294663148
