Region,Year,mean_ndvi,mean_bsi,mean_ndwi,Area_Name,Final_Label,Area_Trend,Risk_Factor,Area_Risk_Trend
19,2019.0,-0.39801836746533353,1.7769066965530125,-0.6054517045914901,Segera,0,Overall Stable,2.780376768609836,Stable
19,2020.0,0.20655293116762583,1.0056947395060458,-0.8466238495130967,Segera,0,Overall Stable,2.0588715201867682,Stable
19,2021.0,-0.4030021556695856,1.6664664185430695,-0.5242661153580334,Segera,0,Overall Stable,2.5937346895706885,Stable
19,2022.0,-0.6372614797569968,0.7913144102070526,0.3866399058252758,Segera,1,Overall Stable,1.8152157957893253,Stable
19,2023.0,-0.9657582689382836,1.0204543988178718,0.511432820819561,Segera,1,Overall Stable,2.497645488575716,Stable
19,2024.0,-0.47212619930602406,0.45220395240479544,0.3824309115222227,Segera,1,Overall Stable,1.3067610632330422,Stable
19,2025.0,0.0066702205253929454,-0.10973041630454786,0.06115783425895518,Segera,1,Overall Stable,0.17755847108889597,Stable
17,2019.0,-1.1919246785319435,0.9392383388882427,0.8742687931965065,Lekurruki Conservancy Trust,1,Overall Loss,3.0054318106166926,Severe Risk Loss
17,2020.0,-0.9709463876271195,0.8705795084308687,0.7079955426722476,Lekurruki Conservancy Trust,1,Overall Loss,2.5495214387302356,Severe Risk Loss
17,2021.0,-1.1317867419684398,0.872579181559013,0.85490621864413,Lekurruki Conservancy Trust,1,Overall Loss,2.8592721421715828,Severe Risk Loss
17,2022.0,-1.3694362130795363,0.36138694854709036,1.3935177997793544,Lekurruki Conservancy Trust,1,Overall Loss,3.124340961405981,Severe Risk Loss
17,2023.0,-1.3625614725812336,0.3560995177992868,1.3608096302875905,Lekurruki Conservancy Trust,1,Overall Loss,3.079470620668111,Severe Risk Loss
17,2024.0,-1.2249071590266973,0.26265290601064084,1.2785180145458985,Lekurruki Conservancy Trust,1,Overall Loss,2.7660780795832367,Severe Risk Loss
17,2025.0,-1.24949980106351,0.29062748774359354,1.268100891611366,Lekurruki Conservancy Trust,1,Overall Loss,2.8082281804184697,Severe Risk Loss
2,2019.0,0.35962912692595284,0.530135558912792,-0.6475176567977345,Lake Naivasha,0,Overall Gain,1.5372823426364794,High Risk Gain
2,2020.0,2.1245739380429534,-1.789506776255285,-1.7659529721601488,Lake Naivasha,2,Overall Gain,5.680033686458387,High Risk Gain
2,2021.0,0.42911664162909446,0.8634131482248476,-0.7477942080694503,Lake Naivasha,0,Overall Gain,2.0403239979233923,High Risk Gain
2,2022.0,-0.09234784583416686,0.060902175657185496,0.24063081280905996,Lake Naivasha,1,Overall Gain,0.3938808343004123,Moderate Risk Gain
2,2023.0,-0.1783789416320454,0.19158609824652229,0.2559835901179166,Lake Naivasha,1,Overall Gain,0.6259486299964843,Moderate Risk Gain
2,2024.0,0.17446913089884925,-0.4317777728045748,0.12161583196889032,Lake Naivasha,1,Overall Gain,0.7278627356723144,Moderate Risk Gain
2,2025.0,0.8719857396096933,-1.49283180875225,-0.4686562884040083,Lake Naivasha,2,Overall Gain,2.8334738367659518,High Risk Gain
18,2019.0,-1.9421590385549992,-0.30613287683671164,2.9016324032232137,Ndera Community Conservancy,1,Overall Loss,5.149924318614925,Severe Risk Loss
18,2020.0,-1.974391829614185,-0.29304505419811183,3.0318278568825607,Ndera Community Conservancy,1,Overall Loss,5.299264740694857,Severe Risk Loss
18,2021.0,-1.9391026106645157,-0.35173874108532444,2.93181242977296,Ndera Community Conservancy,1,Overall Loss,5.2226537815228005,Severe Risk Loss
18,2022.0,-1.7823872261927913,-0.47991087346042116,2.524187750786455,Ndera Community Conservancy,1,Overall Loss,4.786485850439668,Severe Risk Loss
18,2023.0,-1.8030862122057776,-0.5235225653563097,2.6202028816707132,Ndera Community Conservancy,1,Overall Loss,4.9468116592328,Severe Risk Loss
18,2024.0,-1.753214735352979,-0.44074647696581654,2.4776712688732796,Ndera Community Conservancy,1,Overall Loss,4.671632481192075,Severe Risk Loss
18,2025.0,-1.7168887974734741,-0.5188397638435912,2.4384004314576604,Ndera Community Conservancy,1,Overall Loss,4.674128992774726,Severe Risk Loss
22,2019.0,-0.5515786946270971,0.9267089638138598,0.2479054299960069,Melako Community Conservancy,0,Overall Stable,1.7261930884369636,Stable
22,2020.0,1.1373443802803582,-0.35199293042783075,-1.014559322401685,Melako Community Conservancy,2,Overall Stable,2.503896633109874,Stable
22,2021.0,-0.5868843663816244,1.1020805637036801,0.18548353430390446,Melako Community Conservancy,0,Overall Stable,1.8744484643892092,Stable
22,2022.0,-0.12289069749943307,-0.2755262973484982,0.21291764350800685,Melako Community Conservancy,1,Overall Stable,0.6113346383559382,Stable
22,2023.0,-1.1039425778662109,0.733512433587969,1.1334773807575764,Melako Community Conservancy,1,Overall Stable,2.9709323922117563,Stable
22,2024.0,-0.30882491333285117,0.06013572531847543,0.5410201878874066,Melako Community Conservancy,1,Overall Stable,0.9099808265387332,Stable
22,2025.0,-0.6847557964876757,0.3674044093944781,0.7147696582777135,Melako Community Conservancy,1,Overall Stable,1.7669298641598674,Stable
23,2019.0,-0.48253625337887324,1.4883513973946656,-0.35494474330748965,Mpus Kutuk Community Conservancy,0,Overall Loss,2.3258323940810284,Severe Risk Loss
23,2020.0,-0.14142019354729127,1.0879271043955983,-0.5258076843667928,Mpus Kutuk Community Conservancy,0,Overall Loss,1.7551549823096821,Severe Risk Loss
23,2021.0,-0.6108065224322354,1.7251011064729216,-0.25196135877799203,Mpus Kutuk Community Conservancy,0,Overall Loss,2.587868987683149,Severe Risk Loss
23,2022.0,-0.7889590172553108,0.6057211049011495,0.5802702774090046,Mpus Kutuk Community Conservancy,1,Overall Loss,1.974950399565465,Severe Risk Loss
23,2023.0,-0.9494329235458602,0.810270079884374,0.626931174531035,Mpus Kutuk Community Conservancy,1,Overall Loss,2.386634177961269,Severe Risk Loss
23,2024.0,-0.669185474270328,0.4287310169894456,0.4868476207132029,Mpus Kutuk Community Conservancy,1,Overall Loss,1.5847641119729765,Severe Risk Loss
23,2025.0,-0.7240695102262733,0.610646297532215,0.5207718989607464,Mpus Kutuk Community Conservancy,1,Overall Loss,1.8554877067192346,Severe Risk Loss
16,2019.0,1.9630043574482507,-1.302485709392993,-1.964860091909533,Ngare Ndare Community Conservancy,2,Overall Gain,5.230350158750777,High Risk Gain
16,2020.0,2.490368906306103,-2.106129478583516,-2.2401770525614486,Ngare Ndare Community Conservancy,2,Overall Gain,6.836675437451068,High Risk Gain
16,2021.0,2.4884130278766365,-2.122246194809446,-2.2148175169279996,Ngare Ndare Community Conservancy,2,Overall Gain,6.825476739614082,High Risk Gain
16,2022.0,0.7292416335370503,-1.2329323745629142,-0.4187812229050368,Ngare Ndare Community Conservancy,2,Overall Gain,2.380955231005001,High Risk Gain
16,2023.0,0.8524497667255263,-1.3079833943811645,-0.5459790060125999,Ngare Ndare Community Conservancy,2,Overall Gain,2.7064121671192907,High Risk Gain
16,2024.0,0.9174729854998426,-1.449122060829143,-0.5598881615545992,Ngare Ndare Community Conservancy,2,Overall Gain,2.926483207883585,High Risk Gain
16,2025.0,0.44956608990656577,-0.7652971986080424,-0.3254943139886207,Ngare Ndare Community Conservancy,2,Overall Gain,1.5403576025032288,High Risk Gain
15,2019.0,1.6434204127808814,-0.6456067774807189,-1.41743772047231,Nailepu,2,Overall Gain,3.70646491073391,High Risk Gain
15,2020.0,2.347536409881999,-1.7817360965172153,-1.8862501937498641,Nailepu,2,Overall Gain,6.015522700149079,High Risk Gain
15,2021.0,2.19564306353846,-1.4856371610580483,-1.7357749859880909,Nailepu,2,Overall Gain,5.417055210584599,High Risk Gain
15,2022.0,0.8110766047714574,-1.2525635390823588,-0.33788540672947315,Nailepu,2,Overall Gain,2.4015255505832895,High Risk Gain
15,2023.0,0.644714034169153,-1.0447044745624772,-0.25352159845897,Nailepu,2,Overall Gain,1.9429401071906,High Risk Gain
15,2024.0,0.8926586813168972,-1.3058935679995811,-0.41564489428142243,Nailepu,2,Overall Gain,2.614197143597901,High Risk Gain
15,2025.0,0.6654516769790407,-1.1708203126717904,-0.293920378672918,Nailepu,2,Overall Gain,2.130192368323749,High Risk Gain
0,2019.0,2.302428310440883,-1.5130504402278848,-2.069014762332665,,2,,5.884493513001432,Stable
0,2020.0,2.548087996256785,-1.8335514477315533,-2.207585357695454,,2,,6.589224801683793,Stable
0,2021.0,2.406766516739398,-1.745441985934948,-2.109220744123417,,2,,6.261429246797764,Stable
0,2022.0,0.7231124487134832,-1.2141879472183668,-0.3473523314086844,,2,,2.2846527273405344,Stable
0,2023.0,0.6593563050194039,-1.1660654946970312,-0.3014925982675116,,2,,2.126914397983947,Stable
0,2024.0,0.8386202455488642,-1.3350803888233742,-0.418696311162236,,2,,2.5923969455344746,Stable
0,2025.0,0.7959178366216758,-1.2787996686054715,-0.4023966158935211,,2,,2.4771141211206684,Stable
11,2019.0,2.1983395503907803,-1.4802142058383867,-2.045906397628011,Sera Community Conservancy,2,Overall Gain,5.724460153857178,High Risk Gain
11,2020.0,2.5079902487008336,-1.855517494285163,-2.1888793954917762,Sera Community Conservancy,2,Overall Gain,6.552387138477773,High Risk Gain
11,2021.0,2.403082950002347,-1.8158292191678236,-2.042289181061203,Sera Community Conservancy,2,Overall Gain,6.261201350231374,High Risk Gain
11,2022.0,0.6667262391291542,-1.1447540212485356,-0.27716309654333715,Sera Community Conservancy,2,Overall Gain,2.088643356921027,High Risk Gain
11,2023.0,0.7021755492746687,-1.249908864737204,-0.3308822061144257,Sera Community Conservancy,2,Overall Gain,2.282966620126299,High Risk Gain
11,2024.0,0.7398301059191628,-1.250987376572434,-0.321920404294301,Sera Community Conservancy,2,Overall Gain,2.312737886785898,High Risk Gain
11,2025.0,0.6934908808166013,-1.2281313662596234,-0.3654469947554402,Sera Community Conservancy,2,Overall Gain,2.2870692418316647,High Risk Gain
10,2019.0,-0.12033478013657968,1.256743720988643,-0.564704439947703,Il Ngwesi Community Trust,0,Overall Stable,1.9417829410729257,Stable
10,2020.0,0.8462926112010756,-0.12381945540937796,-1.046941077000897,Il Ngwesi Community Trust,2,Overall Stable,2.0170531436113506,Stable
10,2021.0,-0.09585675110767716,1.1701111471567123,-0.5800384332835744,Il Ngwesi Community Trust,0,Overall Stable,1.8460063315479638,Stable
10,2022.0,-0.44082118303316914,0.1947502495332678,0.3396016691007601,Il Ngwesi Community Trust,1,Overall Stable,0.9751731016671972,Stable
10,2023.0,-0.7274370347598188,0.5138225899729207,0.49865452670665833,Il Ngwesi Community Trust,1,Overall Stable,1.739914151439398,Stable
10,2024.0,-0.30273060730189366,0.007068482062484701,0.3486993603922575,Il Ngwesi Community Trust,1,Overall Stable,0.658498449756636,Stable
10,2025.0,-0.5333244847111736,0.34820898203590156,0.49669700370263903,Il Ngwesi Community Trust,1,Overall Stable,1.3782304704497141,Stable
13,2019.0,1.60349066949298,-1.421173027684912,-1.2406739904785535,Jaldesa Community Conservancy,2,Overall Gain,4.265337687656445,High Risk Gain
13,2020.0,1.7560515170765836,-1.5554326652794566,-1.2601177377766426,Jaldesa Community Conservancy,2,Overall Gain,4.571601920132682,High Risk Gain
13,2021.0,1.3228455672407664,-1.0091953898084645,-0.9408228420950626,Jaldesa Community Conservancy,2,Overall Gain,3.272863799144294,High Risk Gain
13,2022.0,0.5201013591346932,-1.1116039202777055,-0.0553487041317876,Jaldesa Community Conservancy,2,Overall Gain,1.6870539835441862,High Risk Gain
13,2023.0,0.23648518984484937,-0.7777496041450743,0.17354684171604795,Jaldesa Community Conservancy,1,Overall Gain,1.1877816357059716,Moderate Risk Gain
13,2024.0,0.38797611970449225,-1.0388828092519184,0.06643551906568732,Jaldesa Community Conservancy,2,Overall Gain,1.493294448022098,Moderate Risk Gain
13,2025.0,0.21741633734866475,-0.8570817663437502,0.13540840732687512,Jaldesa Community Conservancy,1,Overall Gain,1.2099065110192901,Moderate Risk Gain
12,2019.0,0.5960421448732914,0.6793711967436432,-0.7810061765279588,Ishaqbini Hirola Community Conservancy,0,Overall Stable,2.056419518144893,Stable
12,2020.0,1.0328482076284202,0.1658604607246382,-1.007940096705508,Ishaqbini Hirola Community Conservancy,2,Overall Stable,2.206648765058566,Stable
12,2021.0,0.8569142798411528,0.3448401578770356,-0.8870547458479386,Ishaqbini Hirola Community Conservancy,0,Overall Stable,2.088809183566127,Stable
12,2022.0,-0.32872704145015286,0.009892675659833587,0.5916503651250699,Ishaqbini Hirola Community Conservancy,1,Overall Stable,0.9302700822350563,Stable
12,2023.0,-0.4098998077931026,0.023422254981893535,0.651780929746461,Ishaqbini Hirola Community Conservancy,1,Overall Stable,1.085102992521457,Stable
12,2024.0,-0.3549776027398423,-0.1172633743442259,0.668171472216119,Ishaqbini Hirola Community Conservancy,1,Overall Stable,1.1404124493001873,Stable
12,2025.0,-0.3975523684404473,-0.2019278556135935,0.6932850836821096,Ishaqbini Hirola Community Conservancy,1,Overall Stable,1.2927653077361505,Stable
1,2019.0,-0.5945831247745184,0.7517795846687676,0.18186185319414644,Lake Nakuru,0,Overall Loss,1.5282245626374324,Severe Risk Loss
1,2020.0,-0.5955652767510752,0.5120112393282428,0.13373981796013185,Lake Nakuru,1,Overall Loss,1.2413163340394497,Moderate Risk Loss
1,2021.0,-0.7634316541167557,0.8226474444536381,0.3519864644135438,Lake Nakuru,1,Overall Loss,1.9380655629839376,Severe Risk Loss
1,2022.0,-0.9757094651864189,0.39073261847994434,0.9181264741170183,Lake Nakuru,1,Overall Loss,2.2845685577833814,Severe Risk Loss
1,2023.0,-1.144270577344773,0.47661576303961667,1.0195569671902187,Lake Nakuru,1,Overall Loss,2.6404433075746083,Severe Risk Loss
1,2024.0,-0.7916297076874405,0.20400399013182882,0.7631585848873609,Lake Nakuru,1,Overall Loss,1.7587922827066302,Severe Risk Loss
1,2025.0,-0.7254650403330886,0.17369793803908995,0.7351444487600884,Lake Nakuru,1,Overall Loss,1.634307427132267,Severe Risk Loss
14,2019.0,2.57685158051151,-2.1815235136731577,-2.2936729555558255,Kalama Community Wildlife Conservancy,2,Overall Gain,7.052048049740494,High Risk Gain
14,2020.0,2.592040242804901,-2.202276450404214,-2.256066162824388,Kalama Community Wildlife Conservancy,2,Overall Gain,7.050382856033503,High Risk Gain
14,2021.0,2.726082950428543,-2.485331057858196,-2.2953213553855214,Kalama Community Wildlife Conservancy,2,Overall Gain,7.50673536367226,High Risk Gain
14,2022.0,1.2166056617175083,-1.7977426361707731,-0.815373548788912,Kalama Community Wildlife Conservancy,2,Overall Gain,3.8297218466771934,High Risk Gain
14,2023.0,0.7366480070262558,-1.217335673042476,-0.42248862816232097,Kalama Community Wildlife Conservancy,2,Overall Gain,2.376472308231053,High Risk Gain
14,2024.0,1.1152212984287089,-1.636447310152313,-0.7056638652595593,Kalama Community Wildlife Conservancy,2,Overall Gain,3.457332473840581,High Risk Gain
14,2025.0,1.313439553276837,-1.9949076079303225,-0.9314080511805398,Kalama Community Wildlife Conservancy,2,Overall Gain,4.239755212387699,High Risk Gain
9,2019.0,-0.5294404415604708,1.7781793422880021,-0.6276455060367521,Hanshak-Nyongoro Community Conservancy,0,Overall Loss,2.9352652898852254,Severe Risk Loss
9,2020.0,0.110475372969246,1.3001523292051445,-0.8814217102186511,Hanshak-Nyongoro Community Conservancy,0,Overall Loss,2.2920494123930415,Severe Risk Loss
9,2021.0,-0.4559441735911156,1.8229191287636295,-0.6021150865543158,Hanshak-Nyongoro Community Conservancy,0,Overall Loss,2.8809783889090608,Severe Risk Loss
9,2022.0,-0.9364424755101474,0.9670503123103145,0.5012933371462976,Hanshak-Nyongoro Community Conservancy,1,Overall Loss,2.4047861249667593,Severe Risk Loss
9,2023.0,-0.7676953934557209,0.7647162698771568,0.4253294147478727,Hanshak-Nyongoro Community Conservancy,1,Overall Loss,1.9577410780807505,Severe Risk Loss
9,2024.0,-0.5777677620978826,0.5900667191129593,0.3772456136417997,Hanshak-Nyongoro Community Conservancy,1,Overall Loss,1.5450800948526415,Severe Risk Loss
9,2025.0,-0.919874226421771,0.8965866229591718,0.585872102894371,Hanshak-Nyongoro Community Conservancy,1,Overall Loss,2.4023329522753136,Severe Risk Loss
72,2019.0,0.5075537756669732,0.7740864810805036,-0.842072252148823,Chepkitale,0,Overall Stable,2.1237125088963,Stable
72,2020.0,1.3834384566516955,-0.24017362117542848,-1.3988931367966575,Chepkitale,2,Overall Stable,3.0225052146237816,Stable
72,2021.0,0.4584127469005651,0.8420131652807434,-0.6982030327097972,Chepkitale,0,Overall Stable,1.9986289448911057,Stable
72,2022.0,-0.45258317871397424,0.4351865487377211,0.48888428363480757,Chepkitale,1,Overall Stable,1.3766540110865029,Stable
72,2023.0,-0.605318946826182,0.49964130582140404,0.5550551542865775,Chepkitale,1,Overall Stable,1.6600154069341637,Stable
72,2024.0,0.02711120984447306,-0.27012095786513785,0.12486785536103662,Chepkitale,1,Overall Stable,0.42210002307064753,Stable
72,2025.0,-0.23518613706788244,0.13329620473053708,0.31093366000101896,Chepkitale,1,Overall Stable,0.6794160017994385,Stable
70,2019.0,-0.41261216123473976,1.3629811941885104,-0.10321064687642219,Central Island,0,Overall Stable,1.8788040022996724,Stable
70,2020.0,1.4674511278275562,-0.8212338158189896,-1.3212798817997409,Central Island,2,Overall Stable,3.6099648254462866,Stable
70,2021.0,-0.34932965366949825,1.2673360682541064,-0.027846988725274528,Central Island,0,Overall Stable,1.6445127106488793,Stable
70,2022.0,-0.9907223959145615,0.6856411692474387,0.9059270330476468,Central Island,1,Overall Stable,2.5822905982096467,Stable
70,2023.0,-1.000806441090014,0.6548733198216794,0.881029083044885,Central Island,1,Overall Stable,2.5367088439565784,Stable
70,2024.0,-0.15057200127785036,-0.22116865079404371,0.3172887999691562,Central Island,1,Overall Stable,0.6890294520410503,Stable
70,2025.0,-0.6482647431742695,0.3818919304406278,0.6970837368859025,Central Island,1,Overall Stable,1.7272404105007997,Stable
65,2019.0,-0.224197302410519,0.7062085978018432,0.006310501523314388,Aberdare,0,Overall Stable,0.9367164017356765,Stable
65,2020.0,0.12989612049752358,0.23065964625187202,-0.4286144613102261,Aberdare,0,Overall Stable,0.7891702280596218,Stable
65,2021.0,-0.2509723302108452,0.7371194326482656,-0.02125804727118244,Aberdare,0,Overall Stable,1.0093498101302933,Stable
65,2022.0,-0.8950824464942555,0.4351890073589298,0.8988953902675539,Aberdare,1,Overall Stable,2.2291668441207393,Stable
65,2023.0,-0.7310835277500392,0.25243318060691594,0.7804788699616247,Aberdare,1,Overall Stable,1.76399557831858,Stable
65,2024.0,-0.28287796792921716,-0.3323145504448993,0.4656103351362485,Aberdare,1,Overall Stable,1.0808028535103649,Stable
65,2025.0,0.2182117568654868,-0.7510162053952935,0.0956709324219401,Aberdare,1,Overall Stable,1.0648988946827203,Stable
64,2019.0,0.7693840819408478,-0.16113869928409522,-1.049357785512086,Naivasha Wildlife Sanctuary,2,Overall Stable,1.979880566737029,Stable
64,2020.0,-0.0802950839077624,0.709762482591685,-0.6581631381788162,Naivasha Wildlife Sanctuary,0,Overall Stable,1.4482207046782636,Stable
64,2021.0,0.6613704888717431,-0.03454312159033641,-0.8276933666518309,Naivasha Wildlife Sanctuary,2,Overall Stable,1.5236069771139105,Stable
64,2022.0,0.6878664912016491,-1.143111120263441,-0.4166001996375672,Naivasha Wildlife Sanctuary,2,Overall Stable,2.247577811102657,Stable
64,2023.0,-0.8643520011929845,0.1940514311049583,0.7377523596551862,Naivasha Wildlife Sanctuary,1,Overall Stable,1.796155791953129,Stable
64,2024.0,0.2741947143186773,-0.8588999573962679,0.028214788294555506,Naivasha Wildlife Sanctuary,2,Overall Stable,1.1613094600095009,Stable
64,2025.0,0.4239764594283727,-1.0055422384562684,-0.1477863468930898,Naivasha Wildlife Sanctuary,2,Overall Stable,1.5773050447777308,Stable
66,2019.0,0.3833086139036983,0.9943196150765254,-0.6082612754659535,Amboseli,0,Overall Stable,1.9858895044461773,Stable
66,2020.0,1.555010012012737,-0.3694472018165447,-1.3996549325297305,Amboseli,2,Overall Stable,3.3241121463590124,Stable
66,2021.0,0.8389262019790013,0.4399744332322523,-0.9150268590437163,Amboseli,0,Overall Stable,2.19392749425497,Stable
66,2022.0,-0.06534102205641061,0.1544383363022545,0.15511931323878297,Amboseli,1,Overall Stable,0.3748986715974481,Stable
66,2023.0,-0.1049116208999268,0.25429004744088224,0.2719282511305913,Amboseli,1,Overall Stable,0.6311299194714004,Stable
66,2024.0,0.2484793929523797,-0.3089782617484563,0.06537102647163551,Amboseli,1,Overall Stable,0.6228286811724715,Stable
66,2025.0,0.5016878993888783,-0.5171990223626978,-0.17312120214001153,Amboseli,2,Overall Stable,1.1920081238915876,Stable
7,2019.0,-0.22307117573156215,0.11688123295287989,0.37985625656222977,Lower Tana Delta Conservation Trust,1,Overall Stable,0.7198086652466718,Stable
7,2020.0,0.561210911554829,-1.3842321273497091,0.027219329632352785,Lower Tana Delta Conservation Trust,2,Overall Stable,1.9726623685368911,Stable
7,2021.0,0.06566995181819327,-0.4948702947302162,0.27953347845649335,Lower Tana Delta Conservation Trust,1,Overall Stable,0.8400737250049028,Stable
7,2022.0,-0.5197014319531719,-0.35885664625159797,0.8293491150273489,Lower Tana Delta Conservation Trust,1,Overall Stable,1.7079071932321188,Stable
7,2023.0,-0.7854643376631341,-0.1889692456290561,1.077977939430031,Lower Tana Delta Conservation Trust,1,Overall Stable,2.0524115227222213,Stable
7,2024.0,-0.2766861388073011,-0.8108831072356091,0.7203777018287507,Lower Tana Delta Conservation Trust,1,Overall Stable,1.807946947871661,Stable
7,2025.0,-0.567069246749162,-0.45414144506567117,0.9181880438966332,Lower Tana Delta Conservation Trust,1,Overall Stable,1.9393987357114664,Stable
73,2019.0,0.026752134715347785,1.3811491880778628,-0.45233791642426924,Chyulu Hills,0,Overall Stable,1.86023923921748,Stable
73,2020.0,1.26888914983835,-0.11363246647600096,-1.2257318947951898,Chyulu Hills,2,Overall Stable,2.608253511109541,Stable
73,2021.0,0.4029109659471108,0.9042146866402119,-0.660290351778964,Chyulu Hills,0,Overall Stable,1.9674160043662867,Stable
73,2022.0,-0.791362828902823,0.8813052504106715,0.7505769541065129,Chyulu Hills,1,Overall Stable,2.4232450334200073,Stable
73,2023.0,-0.6282642309036327,0.6994636139331859,0.5821772909991283,Chyulu Hills,1,Overall Stable,1.909905135835947,Stable
73,2024.0,-0.018490403214202235,-0.14337289180880872,0.21084958394973843,Chyulu Hills,1,Overall Stable,0.3727128789727494,Stable
73,2025.0,-0.5111854489518146,0.5266447168248779,0.5340053561878065,Chyulu Hills,1,Overall Stable,1.5718355219644988,Stable
71,2019.0,-0.3148084286994653,1.570798443504733,-0.32011465352152146,Buffalo Springs,0,Overall Stable,2.20572152572572,Stable
71,2020.0,0.8762420916772926,0.3446067520802843,-1.0393164074639043,Buffalo Springs,0,Overall Stable,2.260165251221481,Stable
71,2021.0,-0.3609571903567195,1.6528492751295605,-0.2157017475757633,Buffalo Springs,0,Overall Stable,2.229508213062043,Stable
71,2022.0,-0.9304349613874601,1.1037194051369463,0.6932038591778339,Buffalo Springs,1,Overall Stable,2.72735822570224,Stable
71,2023.0,-0.9701466621912002,1.0736425829638134,0.6784261427683951,Buffalo Springs,1,Overall Stable,2.7222153879234083,Stable
71,2024.0,-0.10748248168187081,0.029599483156538372,0.14455726619697343,Buffalo Springs,1,Overall Stable,0.2816392310353826,Stable
71,2025.0,-0.7847034678616198,0.7484094231326629,0.7117059312459577,Buffalo Springs,1,Overall Stable,2.2448188222402408,Stable
8,2019.0,0.5308572290221328,0.3810604945253241,-0.596536497428116,Nasuulu Community Wildlife Conservancy,0,Overall Stable,1.508454220975573,Stable
8,2020.0,1.5452358877528471,-0.7297195431022545,-1.2484484485673135,Nasuulu Community Wildlife Conservancy,2,Overall Stable,3.523403879422415,Stable
8,2021.0,0.9541148193537674,0.014549372903007335,-0.828710093355365,Nasuulu Community Wildlife Conservancy,2,Overall Stable,1.7973742856121397,Stable
8,2022.0,-0.19480064334637553,-0.01873043978928739,0.47947673656092166,Nasuulu Community Wildlife Conservancy,1,Overall Stable,0.6930078196965845,Stable
8,2023.0,-0.43038590006330457,0.10027289637877855,0.6159057329005155,Nasuulu Community Wildlife Conservancy,1,Overall Stable,1.1465645293425988,Stable
8,2024.0,0.20861673744530956,-0.6430788167047867,0.15531253324879307,Nasuulu Community Wildlife Conservancy,1,Overall Stable,1.0070080873988894,Stable
8,2025.0,0.22631256348928047,-0.5293231828062223,0.1230723325252845,Nasuulu Community Wildlife Conservancy,1,Overall Stable,0.8787080788207873,Stable
61,2019.0,-0.3640310676388514,1.3013556817336767,-0.3126110602365547,Kenya Lake System in the Great Rift Valley,0,Overall Stable,1.9779978096090827,Stable
61,2020.0,-0.08051498473521525,1.2330482758980839,-0.5971421102670231,Kenya Lake System in the Great Rift Valley,0,Overall Stable,1.9107053709003223,Stable
61,2021.0,-0.1793830505988622,1.0870424570246542,-0.49873781170470516,Kenya Lake System in the Great Rift Valley,0,Overall Stable,1.7651633193282217,Stable
61,2022.0,-0.9302082909003363,0.8503784307885313,0.7655690593131307,Kenya Lake System in the Great Rift Valley,1,Overall Stable,2.5461557810019984,Stable
61,2023.0,-1.0723600303806917,0.9195856073612958,0.8005118140274567,Kenya Lake System in the Great Rift Valley,1,Overall Stable,2.7924574517694443,Stable
61,2024.0,-0.007245467240579331,-0.3107083979920186,0.16743745174018418,Kenya Lake System in the Great Rift Valley,1,Overall Stable,0.48539131697278215,Stable
61,2025.0,-0.6734967022874055,0.46452785924143286,0.6622562937231967,Kenya Lake System in the Great Rift Valley,1,Overall Stable,1.8002808552520353,Stable
60,2019.0,-0.07032589796752252,1.0101093234004972,-0.3716091247524071,Naboisho,0,Overall Stable,1.4520443461204269,Stable
60,2020.0,0.3354615076011429,0.5075862989118521,-0.7042020803896776,Naboisho,0,Overall Stable,1.5472498869026725,Stable
60,2021.0,-0.25518442661204876,0.9670760263390975,-0.2227185458923955,Naboisho,0,Overall Stable,1.4449789988435418,Stable
60,2022.0,-0.7325919614729667,0.7066263845505829,0.6517700621524101,Naboisho,1,Overall Stable,2.09098840817596,Stable
60,2023.0,-0.7801137348466927,0.46255046129299204,0.7067448219015016,Naboisho,1,Overall Stable,1.9494090180411863,Stable
60,2024.0,-0.2740727526931824,-0.11164184697576601,0.34006995139673374,Naboisho,1,Overall Stable,0.7257845510656822,Stable
60,2025.0,0.018717606890734807,-0.26825330381893664,0.20353896819645492,Naboisho,1,Overall Stable,0.4905098789061264,Stable
58,2019.0,0.17870604052508643,0.32093958796689853,-0.47597978673572394,Ol Chorro Oiroua,0,Overall Stable,0.9756254152277088,Stable
58,2020.0,-0.19312735320229568,0.8430701602729176,-0.3978801877569789,Ol Chorro Oiroua,0,Overall Stable,1.4340777012321921,Stable
58,2021.0,-0.28287101962749445,0.6375139717286288,-0.15560045317748017,Ol Chorro Oiroua,0,Overall Stable,1.0759854445336035,Stable
58,2022.0,-0.5970049677043583,-0.005004712046537371,0.656240958839844,Ol Chorro Oiroua,1,Overall Stable,1.2582506385907397,Stable
58,2023.0,-0.9424787592881027,0.2901450709544969,0.8862219789963863,Ol Chorro Oiroua,1,Overall Stable,2.118845809238986,Stable
58,2024.0,-0.42074500539044957,-0.0724418563810914,0.47707741251077607,Ol Chorro Oiroua,1,Overall Stable,0.9702642742823171,Stable
58,2025.0,-0.16392422120722613,-0.3665341971595352,0.3050130245050914,Ol Chorro Oiroua,1,Overall Stable,0.8354714428718527,Stable
54,2019.0,0.169606303901929,1.0522713862664987,-0.6553628871680481,Ol Pejeta,0,Overall Stable,1.877240577336476,Stable
54,2020.0,1.5311554328127828,-0.5339166923018956,-1.5005034304670042,Ol Pejeta,2,Overall Stable,3.565575555581683,Stable
54,2021.0,0.7967584394946832,0.4248074109834468,-1.0358793962358115,Ol Pejeta,0,Overall Stable,2.2574452467139414,Stable
54,2022.0,-0.24443212157178987,0.5233542575003783,0.1731152834106836,Ol Pejeta,1,Overall Stable,0.9409016624828518,Stable
54,2023.0,-0.639890244173161,0.7623392289132953,0.47111543936403755,Ol Pejeta,1,Overall Stable,1.873344912450494,Stable
54,2024.0,0.46635310878437175,-0.5798404638975395,-0.27415351855695375,Ol Pejeta,2,Overall Stable,1.320347091238865,Stable
54,2025.0,0.16552730059606258,-0.18670504413242048,-0.09045226671600921,Ol Pejeta,1,Overall Stable,0.4426846114444923,Stable
59,2019.0,-0.4866747744278061,1.223414416452121,-0.13624092169929644,Ol Kinyei,0,Overall Loss,1.8463301125792235,Severe Risk Loss
59,2020.0,-0.5746243428890211,1.4236055218361188,-0.17330726879579983,Ol Kinyei,0,Overall Loss,2.1715371335209395,Severe Risk Loss
59,2021.0,-0.6004510382742817,1.2071820819587462,-0.08033873442462382,Ol Kinyei,0,Overall Loss,1.8879718546576518,Severe Risk Loss
59,2022.0,-0.8296179449553552,0.40236532232450506,0.7399957289326999,Ol Kinyei,1,Overall Loss,1.9719789962125602,Severe Risk Loss
59,2023.0,-1.103314658449717,0.6639777736581128,0.9120700075829778,Ol Kinyei,1,Overall Loss,2.6793624396908076,Severe Risk Loss
59,2024.0,-0.6524803026009142,0.19469662144195665,0.6535131094369442,Ol Kinyei,1,Overall Loss,1.500690033479815,Severe Risk Loss
59,2025.0,-0.7097251064265587,0.3148060138439846,0.6686748556341171,Ol Kinyei,1,Overall Loss,1.6932059759046605,Severe Risk Loss
55,2019.0,0.7901283188297958,0.6347432335606421,-0.9204751958698794,Mugie,0,Overall Gain,2.345346748260317,High Risk Gain
55,2020.0,1.7559222023018317,-0.6979693191691073,-1.5362699047943642,Mugie,2,Overall Gain,3.990161426265303,High Risk Gain
55,2021.0,1.2053290690131853,0.03702866691887642,-1.165359936203279,Mugie,2,Overall Gain,2.4077176721353406,High Risk Gain
55,2022.0,0.18882943473858807,-0.17009658458075433,-0.005678533380539383,Mugie,1,Overall Gain,0.3646045526998818,Moderate Risk Gain
55,2023.0,0.22034848662275652,-0.15844398179611335,0.037709723033032556,Mugie,1,Overall Gain,0.4165021914519024,Moderate Risk Gain
55,2024.0,0.32298732108578687,-0.5374635269811985,-0.02993838389666787,Mugie,1,Overall Gain,0.8903892319636533,Moderate Risk Gain
55,2025.0,0.5984735362966015,-0.684102819777443,-0.2523932613770596,Mugie,2,Overall Gain,1.5349696174511043,High Risk Gain
57,2019.0,-0.5971637452185268,0.7747911180541724,-0.21009834773029124,Olare Orok,0,Overall Loss,1.5820532110029903,Severe Risk Loss
57,2020.0,-0.6269180246513536,1.086315865055628,-0.2658923611959181,Olare Orok,0,Overall Loss,1.9791262509028997,Severe Risk Loss
57,2021.0,-0.780376898257278,0.9069240246738964,-0.08897756273641882,Olare Orok,0,Overall Loss,1.7762784856675933,Severe Risk Loss
57,2022.0,-0.8938386234887798,0.06189309817615475,0.8000437330186333,Olare Orok,1,Overall Loss,1.755775454683568,Severe Risk Loss
57,2023.0,-1.2100798964877444,0.32373959848028633,0.9432795572923925,Olare Orok,1,Overall Loss,2.4770990522604235,Severe Risk Loss
57,2024.0,-0.6471322940665303,-0.11066420216889349,0.6321108313037654,Olare Orok,1,Overall Loss,1.389907327539189,Moderate Risk Loss
57,2025.0,-0.5325327399189571,-0.19821519783757965,0.4922983094128225,Olare Orok,1,Overall Loss,1.2230462471693593,Moderate Risk Loss
69,2019.0,-0.3300223617608644,1.3609799436906245,-0.4287959996013881,Bisandi,0,Overall Stable,2.119798305052877,Stable
69,2020.0,0.3042569421818473,0.7435912303465253,-0.7666774346080708,Bisandi,0,Overall Stable,1.8145256071364435,Stable
69,2021.0,-0.517318838213346,1.5414460508826138,-0.2466348323692504,Bisandi,0,Overall Stable,2.3053997214652098,Stable
69,2022.0,-1.0138963130409142,1.0734420601544512,0.6461515751789928,Bisandi,1,Overall Stable,2.733489948374358,Stable
69,2023.0,-0.9641116282203781,0.9943250367998607,0.569937984869657,Bisandi,1,Overall Stable,2.5283746498898956,Stable
69,2024.0,-0.20132616055394215,0.08515639385427258,0.20197481824007416,Bisandi,1,Overall Stable,0.4884573726482889,Stable
69,2025.0,-0.6662816138341154,0.5140648084250771,0.47872488123179685,Bisandi,1,Overall Stable,1.6590713034909894,Stable
63,2019.0,-0.5510445367768603,0.8187225455501019,-0.46448588675194435,Mount Kenya National Park/Natural Forest,0,Overall Loss,1.8342529690789064,Severe Risk Loss
63,2020.0,-0.7043293825005937,1.0922338821469493,-0.4324544728780838,Mount Kenya National Park/Natural Forest,0,Overall Loss,2.2290177375256266,Severe Risk Loss
63,2021.0,-0.7339711267467213,0.7723134863308003,-0.4450554660396514,Mount Kenya National Park/Natural Forest,0,Overall Loss,1.9513400791171729,Severe Risk Loss
63,2022.0,-0.8757211352120249,0.03328856429163327,0.6924134468443806,Mount Kenya National Park/Natural Forest,1,Overall Loss,1.6014231463480386,Severe Risk Loss
63,2023.0,-1.2399533635135593,0.3305525449266986,0.8868062833933973,Mount Kenya National Park/Natural Forest,1,Overall Loss,2.457312191833655,Severe Risk Loss
63,2024.0,-0.8018300668756325,-0.10820293331513514,0.6828547159271064,Mount Kenya National Park/Natural Forest,1,Overall Loss,1.592887716117874,Severe Risk Loss
63,2025.0,-0.8180360881710218,-0.0014841252741377977,0.6447079550323225,Mount Kenya National Park/Natural Forest,1,Overall Loss,1.464228168477482,Moderate Risk Loss
67,2019.0,0.7912460614528765,0.6923439276283725,-0.8971538922965357,Arabuko Sokoke,0,Overall Gain,2.380743881377785,High Risk Gain
67,2020.0,1.7611244438467002,-0.7707997596840479,-1.5720188650719047,Arabuko Sokoke,2,Overall Gain,4.103943068602653,High Risk Gain
67,2021.0,1.2762700811593752,-0.08977978012803622,-1.2045277931834542,Arabuko Sokoke,2,Overall Gain,2.5705776544708656,High Risk Gain
67,2022.0,0.1488706455763425,-0.10592316487784921,0.0325372564842111,Arabuko Sokoke,1,Overall Gain,0.2873310669384028,Moderate Risk Gain
67,2023.0,0.1733301417271021,-0.09270511434590269,0.07526790132920046,Arabuko Sokoke,1,Overall Gain,0.34130315740220524,Moderate Risk Gain
67,2024.0,0.28955233807447084,-0.5067608745065008,-0.0041778366785104725,Arabuko Sokoke,1,Overall Gain,0.800491049259482,Moderate Risk Gain
67,2025.0,0.4854967457993849,-0.5498844416079438,-0.16108895348162988,Arabuko Sokoke,2,Overall Gain,1.1964701408889584,Moderate Risk Gain
68,2019.0,1.2365863565800277,0.11167287673367063,-1.1943556473045587,Arawale,2,Overall Gain,2.542614880618257,High Risk Gain
68,2020.0,1.9402829367637575,-1.035676006035276,-1.6645421564328962,Arawale,2,Overall Gain,4.64050109923193,High Risk Gain
68,2021.0,1.4150704974501247,-0.35186893371710726,-1.271082671154732,Arawale,2,Overall Gain,3.038022102321964,High Risk Gain
68,2022.0,0.22106818883814083,-0.3338621225471104,0.015796354896573647,Arawale,1,Overall Gain,0.5707266662818249,Moderate Risk Gain
68,2023.0,0.2139633476281912,-0.28253997456130703,0.05867773335560271,Arawale,1,Overall Gain,0.5551810555451009,Moderate Risk Gain
68,2024.0,0.32615414784178226,-0.7258898465267994,-0.01014218042715026,Arawale,2,Overall Gain,1.062186174795732,Moderate Risk Gain
68,2025.0,0.5482882590427277,-0.748412390076309,-0.17344820367171826,Arawale,2,Overall Gain,1.470148852790755,Moderate Risk Gain
62,2019.0,-0.5348781569188571,0.7671887557159776,-0.11085583412139673,Lake Turkana National Parks,0,Overall Loss,1.4129227467562315,Moderate Risk Loss
62,2020.0,-0.7538696110060724,1.0663691743130195,-0.04889292052295385,Lake Turkana National Parks,0,Overall Loss,1.8691317058420456,Severe Risk Loss
62,2021.0,-0.8116676912805983,0.8870344763433058,0.12279345327294065,Lake Turkana National Parks,0,Overall Loss,1.8214956208968447,Severe Risk Loss
62,2022.0,-0.9274227336069759,0.07588401653277133,0.9130386654061061,Lake Turkana National Parks,1,Overall Loss,1.9163454155458535,Severe Risk Loss
62,2023.0,-1.224328771566624,0.23980951464590072,1.1226447446067762,Lake Turkana National Parks,1,Overall Loss,2.586783030819301,Severe Risk Loss
62,2024.0,-0.9121836708585872,0.21153375700573737,0.8525602611658375,Lake Turkana National Parks,1,Overall Loss,1.9762776890301619,Severe Risk Loss
62,2025.0,-0.7287943673154761,-0.10695757731187466,0.7509348415507457,Lake Turkana National Parks,1,Overall Loss,1.5866867861780964,Severe Risk Loss
56,2019.0,-0.5899509137864426,0.7221582220779157,-0.293336951333465,Mara North,0,Overall Loss,1.6054460871978233,Severe Risk Loss
56,2020.0,-0.7567210132146515,1.0929139901791554,-0.2472293171895902,Mara North,0,Overall Loss,2.096864320583397,Severe Risk Loss
56,2021.0,-0.7680537366146192,0.8375174561190964,-0.20056986461800164,Mara North,0,Overall Loss,1.8061410573517171,Severe Risk Loss
56,2022.0,-0.9652323546257775,0.03347485527386929,0.849709973153334,Mara North,1,Overall Loss,1.8484171830529808,Severe Risk Loss
56,2023.0,-1.2345813511810573,0.31301312053419955,0.9872422778021772,Mara North,1,Overall Loss,2.534836749517434,Severe Risk Loss
56,2024.0,-0.7504360082391883,-0.12446014165404355,0.7214418956031693,Mara North,1,Overall Loss,1.5963380454964011,Severe Risk Loss
56,2025.0,-0.86375391730762,0.014233760142656673,0.7453585422354811,Mara North,1,Overall Loss,1.6233462196857578,Severe Risk Loss
53,2019.0,-0.5305168686971276,-0.38700350997186744,1.5454713450816175,Loisaba Wilderness,1,Overall Stable,2.4629917237506125,Stable
53,2020.0,-0.11500872471935226,-1.1223688400890561,1.3493681819700507,Loisaba Wilderness,1,Overall Stable,2.586745746778459,Stable
53,2021.0,-0.2827490375733757,-0.678841514295793,1.3426695265081015,Loisaba Wilderness,1,Overall Stable,2.30426007837727,Stable
53,2022.0,-0.4143512815680341,-0.8696599392773442,1.1123636058519948,Loisaba Wilderness,1,Overall Stable,2.396374826697373,Stable
53,2023.0,-0.6419766039679073,-0.6077026821051881,1.2934309696669348,Loisaba Wilderness,1,Overall Stable,2.5431102557400305,Stable
53,2024.0,-0.5255546506623351,-0.8067896134779549,1.2448556965834128,Loisaba Wilderness,1,Overall Stable,2.5771999607237026,Stable
53,2025.0,-0.6811259645144319,-0.5503951853425438,1.2897539545061947,Loisaba Wilderness,1,Overall Stable,2.5212751043631703,Stable
52,2019.0,-0.6802204165731423,-1.7060230511415695,2.3237268872872985,Lemek,1,Overall Loss,4.70997035500201,Severe Risk Loss
52,2020.0,0.17595700301925576,-3.0013837116819237,1.4398638679933151,Lemek,2,Overall Loss,4.6172045826944945,Severe Risk Loss
52,2021.0,-1.290337262332649,-1.3322752311883126,2.8350180731320336,Lemek,1,Overall Loss,5.457630566652995,Severe Risk Loss
52,2022.0,-1.3103221097354618,-0.8799667482092067,2.4216289996802103,Lemek,1,Overall Loss,4.611917857624879,Severe Risk Loss
52,2023.0,-0.9994473989938979,-1.134575769046286,1.8976153910820674,Lemek,1,Overall Loss,4.031638559122252,Severe Risk Loss
52,2024.0,-1.0342700116333974,-1.1076654210472923,1.9873238073462276,Lemek,1,Overall Loss,4.129259240026917,Severe Risk Loss
52,2025.0,-1.2050326556851845,-0.899242438918471,2.370318101961788,Lemek,1,Overall Loss,4.4745931965654435,Severe Risk Loss
6,2019.0,0.4837579608222605,0.47247729087237555,-0.5324369666214286,Leparua Community Conservancy,0,Overall Stable,1.4886722183160646,Stable
6,2020.0,1.6241785247351412,-0.8892449009071438,-1.278748298034976,Leparua Community Conservancy,2,Overall Stable,3.792171723677261,Stable
6,2021.0,0.9235313358928603,0.04683906488066065,-0.7926279713826986,Leparua Community Conservancy,2,Overall Stable,1.7629983721562197,Stable
6,2022.0,-0.17593939594832328,0.10572272013309043,0.44870834297849005,Leparua Community Conservancy,1,Overall Stable,0.7303704590599038,Stable
6,2023.0,-0.4193865244142622,0.157629069447105,0.5985182476300587,Leparua Community Conservancy,1,Overall Stable,1.175533841491426,Stable
6,2024.0,0.20496438964820798,-0.614579758252181,0.16680222743874185,Leparua Community Conservancy,1,Overall Stable,0.9863463753391308,Stable
6,2025.0,0.06895828089166214,-0.31390421804066243,0.25151187185160917,Leparua Community Conservancy,1,Overall Stable,0.6343743707839338,Stable
44,2019.0,2.4206268106021267,-1.9726581795308957,-2.031050694586722,Elerai,2,Overall Gain,6.424335684719744,High Risk Gain
44,2020.0,2.987578493543825,-2.929100442351051,-2.4907981611688506,Elerai,2,Overall Gain,8.407477097063726,High Risk Gain
44,2021.0,2.3511916001054893,-1.6586668882032516,-2.025097123040787,Elerai,2,Overall Gain,6.0349556113495275,High Risk Gain
44,2022.0,0.950969028733836,-1.4174832889090603,-0.5544202737060226,Elerai,2,Overall Gain,2.922872591348919,High Risk Gain
44,2023.0,1.265777528791885,-1.8306515232273373,-0.8209792765935028,Elerai,2,Overall Gain,3.917408328612725,High Risk Gain
44,2024.0,1.1035572071594804,-1.6741927153770906,-0.6607697178423065,Elerai,2,Overall Gain,3.4385196403788774,High Risk Gain
48,2019.0,-0.6711512357580007,1.8179371834815534,-0.4070930559436162,Lewa Wildlife Conservancy,0,Overall Loss,2.89618147518317,Severe Risk Loss
48,2020.0,-0.14523884147118,1.1870519744354688,-0.6691876775046357,Lewa Wildlife Conservancy,0,Overall Loss,2.001478493411285,Severe Risk Loss
48,2021.0,-0.5750873948105387,1.646751007718955,-0.32869718858618935,Lewa Wildlife Conservancy,0,Overall Loss,2.550535591115683,Severe Risk Loss
48,2022.0,-0.8504985809781446,0.783154136623678,0.5896361031939256,Lewa Wildlife Conservancy,1,Overall Loss,2.223288820795748,Severe Risk Loss
48,2023.0,-0.9901694841759127,0.9618269953038072,0.640639299629793,Lewa Wildlife Conservancy,1,Overall Loss,2.592635779109513,Severe Risk Loss
48,2024.0,-0.49889295884361823,0.4011255215272102,0.43913177151002036,Lewa Wildlife Conservancy,1,Overall Loss,1.3391502518808487,Moderate Risk Loss
48,2025.0,-0.036730195322228286,-0.1796127104540376,0.17025614779892262,Lewa Wildlife Conservancy,1,Overall Loss,0.38659905357518853,Moderate Risk Loss
45,2019.0,-0.12930734873576563,1.053838484587985,-0.22891836260783074,Shompole,0,Overall Stable,1.4120641959315814,Stable
45,2020.0,1.0367216688602143,-0.13374766189095752,-0.9000920443998235,Shompole,2,Overall Stable,2.0705613751509953,Stable
45,2021.0,-0.19485554679337536,1.1539454593588,-0.25713924086791995,Shompole,0,Overall Stable,1.6059402470200954,Stable
45,2022.0,-0.8128393327057553,0.49055011993490605,0.8327930562661335,Shompole,1,Overall Stable,2.1361825089067947,Stable
45,2023.0,-0.9864273120514888,0.6276864960261633,0.9282633491331478,Shompole,1,Overall Stable,2.5423771572108,Stable
45,2024.0,-0.18354511432273807,-0.18370138697685423,0.39380018431736724,Shompole,1,Overall Stable,0.7610466856169595,Stable
45,2025.0,-0.8523162269141286,0.49038801294221673,0.7793125772848527,Shompole,1,Overall Stable,2.122016817141198,Stable
46,2019.0,-0.023341283288002976,0.386797069694437,-0.11600528725296548,Makurian (Oreteti),0,Overall Stable,0.5261436402354055,Stable
46,2020.0,1.376050129388529,-0.8672890054023209,-1.1882611910049425,Makurian (Oreteti),2,Overall Stable,3.4316003257957925,Stable
46,2021.0,0.24273273055298028,0.4588518909199607,-0.4794119687285046,Makurian (Oreteti),0,Overall Stable,1.1809965902014457,Stable
46,2022.0,0.4073605555513728,-0.7633343392582579,-0.15317541579319707,Makurian (Oreteti),2,Overall Stable,1.3238703106028278,Stable
46,2023.0,-0.7292027618506869,0.27988433110436384,0.9110364794491701,Makurian (Oreteti),1,Overall Stable,1.920123572404221,Stable
46,2024.0,0.159134868609361,-0.589354892394918,0.1374658948933941,Makurian (Oreteti),1,Overall Stable,0.8859556558976731,Stable
46,2025.0,-0.176825101386556,-0.1920965219029745,0.3584878685088134,Makurian (Oreteti),1,Overall Stable,0.7274094917983439,Stable
49,2019.0,1.7960115402151287,-0.9401273135524595,-1.5119598228884148,Mpala,2,Overall Gain,4.248098676656003,High Risk Gain
49,2020.0,2.3904312513360733,-1.9329832976381989,-1.9164411463078272,Mpala,2,Overall Gain,6.239855695282099,High Risk Gain
49,2021.0,1.7270650694692793,-0.8904772138855179,-1.3896911544249113,Mpala,2,Overall Gain,4.007233437779709,High Risk Gain
49,2022.0,0.6715864642446027,-0.9537446876013373,-0.23462177433404058,Mpala,2,Overall Gain,1.8599529261799805,High Risk Gain
49,2023.0,0.1669818440909869,-0.3743324892297874,0.12869478094600423,Mpala,1,Overall Gain,0.6700091142667786,Moderate Risk Gain
49,2024.0,0.991622700612357,-1.4558634824548327,-0.5327431116845075,Mpala,2,Overall Gain,2.980229294751697,High Risk Gain
49,2025.0,0.5729918455099302,-0.8580365633810167,-0.184578179598743,Mpala,2,Overall Gain,1.61560658848969,High Risk Gain
47,2019.0,-0.5676201708978,1.9127172141716706,-0.6302420820513348,Motorogi,0,Overall Loss,3.1105794671208056,Severe Risk Loss
47,2020.0,-0.23495556086589192,1.491371934934401,-0.7541017548476889,Motorogi,0,Overall Loss,2.480429250647982,Severe Risk Loss
47,2021.0,-0.4220943954781024,1.7060033188599582,-0.6262431488015767,Motorogi,0,Overall Loss,2.754340863139637,Severe Risk Loss
47,2022.0,-0.7855824285992263,0.8329400352564763,0.45932421991639516,Motorogi,1,Overall Loss,2.0778466837720977,Severe Risk Loss
47,2023.0,-0.9447685162480619,1.0986018687469723,0.4953430973905269,Motorogi,1,Overall Loss,2.5387134823855613,Severe Risk Loss
47,2024.0,-0.6447035401072447,0.7118413604077175,0.42357684768217363,Motorogi,1,Overall Loss,1.7801217481971356,Severe Risk Loss
47,2025.0,-0.41795849737858964,0.4955887731791199,0.30957163214759886,Motorogi,1,Overall Loss,1.2231189027053084,Moderate Risk Loss
51,2019.0,1.7548125417106988,-1.31246165589551,-1.6210253559055992,Solio Ranch and Rhino Sanctuary,2,Overall Gain,4.688299553511808,High Risk Gain
51,2020.0,1.9804728547134465,-1.679530899406556,-1.6914448524447434,Solio Ranch and Rhino Sanctuary,2,Overall Gain,5.351448606564746,High Risk Gain
51,2021.0,1.718977213339908,-1.2889137591348727,-1.5524250622286737,Solio Ranch and Rhino Sanctuary,2,Overall Gain,4.560316034703455,High Risk Gain
51,2022.0,0.5667367872038303,-1.172321832182361,-0.24624181041352478,Solio Ranch and Rhino Sanctuary,2,Overall Gain,1.9853004297997159,High Risk Gain
51,2023.0,0.5475708200428824,-1.1274865009706134,-0.22943314355076852,Solio Ranch and Rhino Sanctuary,2,Overall Gain,1.9044904645642644,High Risk Gain
51,2024.0,0.48678388421808416,-1.0595947217656096,-0.13757619707823493,Solio Ranch and Rhino Sanctuary,2,Overall Gain,1.6839548030619287,High Risk Gain
51,2025.0,0.3859543554599613,-0.9639256556017971,-0.12631420624423134,Solio Ranch and Rhino Sanctuary,2,Overall Gain,1.4761942173059897,Moderate Risk Gain
5,2019.0,-0.5218797640533522,1.4509947499626166,-0.255910536304023,Biliqo-Bulesa Community Conservancy,0,Overall Loss,2.228785050319992,Severe Risk Loss
5,2020.0,-0.3698179017898011,1.269319956861787,-0.34736499822624994,Biliqo-Bulesa Community Conservancy,0,Overall Loss,1.986502856877838,Severe Risk Loss
5,2021.0,-0.607470782782342,1.6113525737402947,-0.16692331766365856,Biliqo-Bulesa Community Conservancy,0,Overall Loss,2.3857466741862954,Severe Risk Loss
5,2022.0,-0.8176913242886955,0.5847277192085867,0.5971470518544816,Biliqo-Bulesa Community Conservancy,1,Overall Loss,1.999566095351764,Severe Risk Loss
5,2023.0,-0.9698829683804594,0.8317756763756762,0.6847272820456028,Biliqo-Bulesa Community Conservancy,1,Overall Loss,2.4863859268017383,Severe Risk Loss
5,2024.0,-0.6315135877607245,0.4198082273619979,0.49955296003031296,Biliqo-Bulesa Community Conservancy,1,Overall Loss,1.5508747751530354,Severe Risk Loss
5,2025.0,-0.7559158544667122,0.6180242385159518,0.5231290862948494,Biliqo-Bulesa Community Conservancy,1,Overall Loss,1.8970691792775134,Severe Risk Loss
50,2019.0,0.5966178127412568,0.6169158585262497,-0.8159212657167475,Borana,0,Overall Gain,2.029454936984254,High Risk Gain
50,2020.0,2.1074666465783976,-1.3711826906892928,-1.7705284150807463,Borana,2,Overall Gain,5.249177752348436,High Risk Gain
50,2021.0,1.059551863846319,0.09396336335817608,-1.0667778457404735,Borana,2,Overall Gain,2.2202930729449686,High Risk Gain
50,2022.0,0.18052059575203747,-0.1827595773395843,0.07595437131612183,Borana,1,Overall Gain,0.43923454440774357,Moderate Risk Gain
50,2023.0,-0.3407065318959654,0.18633049700592597,0.4236163307616457,Borana,1,Overall Gain,0.9506533596635369,Moderate Risk Gain
50,2024.0,0.42889420389058525,-0.7518256273860954,-0.10597716430700393,Borana,2,Overall Gain,1.2866969955836847,Moderate Risk Gain
50,2025.0,0.20772138505570253,-0.39799739146407886,0.06027813641883055,Borana,1,Overall Gain,0.6659969129386119,Moderate Risk Gain
42,2019.0,-0.7722365307369634,1.5790420030183663,-0.07868257260147246,Osupuko,0,Overall Loss,2.429961106356802,Severe Risk Loss
42,2020.0,0.05671552784800595,0.8836406507408573,-0.47608428152882737,Osupuko,0,Overall Loss,1.4164404601176905,Moderate Risk Loss
42,2021.0,-0.7133771904877979,1.620537113187724,-0.13044483078942787,Osupuko,0,Overall Loss,2.46435913446495,Severe Risk Loss
42,2022.0,-1.1055033817326958,1.0009751449622017,0.6906079157388035,Osupuko,1,Overall Loss,2.797086442433701,Severe Risk Loss
42,2023.0,-1.1096282519881713,0.9297678200703685,0.6638844470745213,Osupuko,1,Overall Loss,2.703280519133061,Severe Risk Loss
42,2024.0,-0.6584948341998406,0.5151312048800931,0.5915482428166605,Osupuko,1,Overall Loss,1.765174281896594,Severe Risk Loss
42,2025.0,-1.017234263458817,0.8646793723489986,0.825108129440794,Osupuko,1,Overall Loss,2.7070217652486095,Severe Risk Loss
37,2019.0,0.11018502867613315,1.2004648355610341,-0.7215322004077943,Kimana Wildlife Sanctuary,0,Overall Stable,2.0321820646449615,Stable
37,2020.0,1.3485665636488497,-0.5611514333303145,-1.1656235235740415,Kimana Wildlife Sanctuary,2,Overall Stable,3.0753415205532058,Stable
37,2021.0,0.7925546727381064,0.48880882278049437,-0.8608043716014202,Kimana Wildlife Sanctuary,0,Overall Stable,2.142167867120021,Stable
37,2022.0,0.09066843417346203,-0.372434757452634,0.0781155364248279,Kimana Wildlife Sanctuary,1,Overall Stable,0.541218728050924,Stable
37,2023.0,-0.7074893366638998,0.6160050638083919,0.5561693300974674,Kimana Wildlife Sanctuary,1,Overall Stable,1.8796637305697592,Stable
37,2024.0,-0.3171851526548112,0.08974221932020776,0.373498072338167,Kimana Wildlife Sanctuary,1,Overall Stable,0.780425444313186,Stable
37,2025.0,-0.2824153637691462,0.3059419228576276,0.3098737044749157,Kimana Wildlife Sanctuary,1,Overall Stable,0.8982309911016896,Stable
38,2019.0,-0.04311388052305416,1.147218479228116,-0.4479318329910277,Imbirikani,0,Overall Stable,1.6382641927421977,Stable
38,2020.0,1.0282533194821062,-0.012021564013947404,-1.016919992795623,Imbirikani,2,Overall Stable,2.0571948762916765,Stable
38,2021.0,-0.02069727150977432,1.169692963180578,-0.46315691864364916,Imbirikani,0,Overall Stable,1.6535471533340016,Stable
38,2022.0,-0.7036006231064815,0.6103343356917341,0.6560049064472294,Imbirikani,1,Overall Stable,1.9699398652454452,Stable
38,2023.0,-0.8454483341316089,0.6688094687534517,0.7408377882664258,Imbirikani,1,Overall Stable,2.2550955911514863,Stable
38,2024.0,-0.21055945764945655,0.037213432233770265,0.32145059316997276,Imbirikani,1,Overall Stable,0.5692234830531996,Stable
38,2025.0,-0.744247491322011,0.5436929732092769,0.599499593562715,Imbirikani,1,Overall Stable,1.887440058094003,Stable
35,2019.0,2.7187885539525483,-2.4297024609046396,-2.4171425134371964,Ol Lentille Conservancy,2,Overall Gain,7.565633528294384,High Risk Gain
35,2020.0,2.908429584889637,-2.563531577691807,-2.485278549999356,Ol Lentille Conservancy,2,Overall Gain,7.957239712580799,High Risk Gain
35,2021.0,2.7520408552908044,-2.531181294032876,-2.3676418021416334,Ol Lentille Conservancy,2,Overall Gain,7.650863951465315,High Risk Gain
35,2022.0,0.9405390361912856,-1.6134844117186764,-0.5528639325051115,Ol Lentille Conservancy,2,Overall Gain,3.106887380415073,High Risk Gain
35,2023.0,0.8956734536310907,-1.586545745799805,-0.5211317716482107,Ol Lentille Conservancy,2,Overall Gain,3.003350971079106,High Risk Gain
35,2024.0,0.9350714022440412,-1.6000306136570663,-0.5009375510729638,Ol Lentille Conservancy,2,Overall Gain,3.036039566974071,High Risk Gain
35,2025.0,0.8713608647281995,-1.6844345886775596,-0.4670106089609917,Ol Lentille Conservancy,2,Overall Gain,3.0228060623667505,High Risk Gain
39,2019.0,-0.3918344665928952,1.6551370904608804,-0.5085854413756387,Elangata Wuas,0,Overall Loss,2.5555569984294144,Severe Risk Loss
39,2020.0,-0.24532111334289325,1.4270745757939105,-0.608539871291228,Elangata Wuas,0,Overall Loss,2.2809355604280315,Severe Risk Loss
39,2021.0,-0.4984018661830791,1.8797633237216869,-0.45650475750469127,Elangata Wuas,0,Overall Loss,2.834669947409457,Severe Risk Loss
39,2022.0,-0.7625742384767342,0.6378354462337135,0.5233686112439637,Elangata Wuas,1,Overall Loss,1.9237782959544114,Severe Risk Loss
39,2023.0,-0.9333341373782854,0.9366660789589796,0.6071823662459224,Elangata Wuas,1,Overall Loss,2.4771825825831875,Severe Risk Loss
39,2024.0,-0.45897289002387065,0.32187146732329913,0.3576572664874249,Elangata Wuas,1,Overall Loss,1.1385016238345946,Moderate Risk Loss
39,2025.0,-0.7241434006716381,0.7436804447755531,0.4379963784949261,Elangata Wuas,1,Overall Loss,1.9058202239421171,Severe Risk Loss
40,2019.0,-0.6859458531425442,1.0060681286417112,0.06238625162803408,Esenlenkei,0,Overall Loss,1.7544002334122895,Severe Risk Loss
40,2020.0,0.49720129527127205,0.07426390821222084,-0.6802462112004012,Esenlenkei,0,Overall Loss,1.2517114146838941,Moderate Risk Loss
40,2021.0,-0.5586963214758589,0.9618899810276413,-0.00016107904376243306,Esenlenkei,0,Overall Loss,1.5207473815472627,Severe Risk Loss
40,2022.0,-1.1144629892379212,0.3635796258824591,1.0008674976533616,Esenlenkei,1,Overall Loss,2.478910112773742,Severe Risk Loss
40,2023.0,-1.0974760677389928,0.33023316706548217,0.948361318922536,Esenlenkei,1,Overall Loss,2.376070553727011,Severe Risk Loss
40,2024.0,-0.6035314339472815,0.09149510359482506,0.6291803784065935,Esenlenkei,1,Overall Loss,1.3242069159487,Moderate Risk Loss
40,2025.0,-0.9821259242182456,0.4167087426289546,0.9123852207242051,Esenlenkei,1,Overall Loss,2.311219887571405,Severe Risk Loss
36,2019.0,-0.60763136376863,1.9515108339258944,-0.5384667658287512,Ol Pejeta Conservancy,0,Overall Loss,3.0976089635232755,Severe Risk Loss
36,2020.0,-0.24663944562556023,1.439213680607728,-0.5335286858601971,Ol Pejeta Conservancy,0,Overall Loss,2.219381812093485,Severe Risk Loss
36,2021.0,-0.5114060574306638,1.7761647333329778,-0.5080997886878517,Ol Pejeta Conservancy,0,Overall Loss,2.7956705794514933,Severe Risk Loss
36,2022.0,-0.8283222026463065,0.830572402798481,0.4137346528564037,Ol Pejeta Conservancy,1,Overall Loss,2.072629258301191,Severe Risk Loss
36,2023.0,-0.9047369290542803,1.0287597464255385,0.49630352232513775,Ol Pejeta Conservancy,1,Overall Loss,2.4298001978049566,Severe Risk Loss
36,2024.0,-0.7636827771556279,0.8862648335636636,0.45701066559170866,Ol Pejeta Conservancy,1,Overall Loss,2.1069582763110004,Severe Risk Loss
36,2025.0,-0.5363262345822166,0.6547123344461083,0.2739112317253623,Ol Pejeta Conservancy,1,Overall Loss,1.4649498007536872,Moderate Risk Loss
4,2019.0,1.3527633691527632,-0.5147334327515004,-1.2850756019860117,Awer Community Conservancy,2,Overall Gain,3.152572403890275,High Risk Gain
4,2020.0,0.6315854330673102,0.49732365373634907,-0.8339980063592751,Awer Community Conservancy,0,Overall Gain,1.9629070931629344,High Risk Gain
4,2021.0,0.8382471249607675,0.16284385740761753,-1.0497372885216782,Awer Community Conservancy,2,Overall Gain,2.0508282708900634,High Risk Gain
4,2022.0,0.3671056013995224,-0.8792679807923393,-0.0018007365919442313,Awer Community Conservancy,2,Overall Gain,1.2481743187838057,Moderate Risk Gain
4,2023.0,-0.11784345513362354,-0.33188756463052355,0.3251708184475394,Awer Community Conservancy,1,Overall Gain,0.7749018382116866,Moderate Risk Gain
4,2024.0,0.34949272473821796,-0.8229891945468069,-0.0032566824557801626,Awer Community Conservancy,2,Overall Gain,1.1757386017408051,Moderate Risk Gain
4,2025.0,0.6455497494768632,-1.234106853956011,-0.20901634032334288,Awer Community Conservancy,2,Overall Gain,2.088672943756217,High Risk Gain
43,2019.0,-0.820088372815529,1.1254532802021637,0.2713039906444667,Taita Hills,0,Overall Loss,2.2168456436621593,Severe Risk Loss
43,2020.0,0.057789405856346725,0.7254596681403929,-0.3045706289107952,Taita Hills,0,Overall Loss,1.087819702907535,Moderate Risk Loss
43,2021.0,-0.7871614738090498,1.1734781975321602,0.22614931697405322,Taita Hills,0,Overall Loss,2.1867889883152634,Severe Risk Loss
43,2022.0,-1.1247977512546339,0.528694862827498,0.9582791916155846,Taita Hills,1,Overall Loss,2.6117718056977166,Severe Risk Loss
43,2023.0,-1.1493343498912163,0.4893258075334857,0.968378146516725,Taita Hills,1,Overall Loss,2.607038303941427,Severe Risk Loss
43,2024.0,-0.7324952404789157,0.36478948615020995,0.7065920188978592,Taita Hills,1,Overall Loss,1.8038767455269848,Severe Risk Loss
43,2025.0,-0.9931282960292801,0.6378453437567789,0.9298086790904194,Taita Hills,1,Overall Loss,2.5607823188764787,Severe Risk Loss
41,2019.0,-0.7497038383076166,1.4436961768179402,-0.005778117426872811,Motikanju,0,Overall Loss,2.1991781325524298,Severe Risk Loss
41,2020.0,-0.5719846577380008,1.3855923449896765,-0.11887688241827161,Motikanju,0,Overall Loss,2.076453885145949,Severe Risk Loss
41,2021.0,-0.8280741028614091,1.6141572245846438,0.049157919579598655,Motikanju,0,Overall Loss,2.491389247025652,Severe Risk Loss
41,2022.0,-1.0553983606451178,0.894483376815781,0.7319508310424047,Motikanju,1,Overall Loss,2.6818325685033035,Severe Risk Loss
41,2023.0,-1.0822556984786653,0.9348166383603703,0.7203340388768972,Motikanju,1,Overall Loss,2.7374063757159326,Severe Risk Loss
41,2024.0,-0.7430519604479815,0.607787326925347,0.5336290991673293,Motikanju,1,Overall Loss,1.8844683865406577,Severe Risk Loss
41,2025.0,-0.7395705419032755,0.5690114347719119,0.5173543039409817,Motikanju,1,Overall Loss,1.825936280616169,Severe Risk Loss
34,2019.0,1.030885167421249,0.2689940978440767,-1.054409785406464,Tawi,2,Overall Gain,2.3542890506717895,High Risk Gain
34,2020.0,1.5701831654877696,-0.5222925411091334,-1.4421336600780847,Tawi,2,Overall Gain,3.534609366674988,High Risk Gain
34,2021.0,1.205431011098539,-0.13614764469069085,-1.1674083231489893,Tawi,2,Overall Gain,2.508986978938219,High Risk Gain
34,2022.0,0.2336304019766728,-0.2993298626904113,-0.053917333251192384,Tawi,1,Overall Gain,0.5868775979182765,Moderate Risk Gain
34,2023.0,0.1595755793936385,-0.21587923436595308,0.08680995387104527,Tawi,1,Overall Gain,0.46226476763063684,Moderate Risk Gain
34,2024.0,0.2556904894246004,-0.49645926818489916,0.013723333518640597,Tawi,1,Overall Gain,0.7658730911281402,Moderate Risk Gain
34,2025.0,0.5447868727203687,-0.8006872741657879,-0.21977843777637363,Tawi,2,Overall Gain,1.5652525846625303,High Risk Gain
31,2019.0,0.9737066063985377,-1.667675620914865,-0.09365790931349291,West Gate Community Conservancy,2,Overall Stable,2.7350401366268957,Stable
31,2020.0,0.8076794219639403,-2.02872929495119,0.02215419369050653,West Gate Community Conservancy,2,Overall Stable,2.858562910605637,Stable
31,2021.0,0.98429232604169,-1.8993310557111975,-0.11481154218151099,West Gate Community Conservancy,2,Overall Stable,2.9984349239343984,Stable
31,2022.0,0.16381744641620954,-1.2539557157379955,0.3940758406363375,West Gate Community Conservancy,1,Overall Stable,1.8118490027905425,Stable
31,2023.0,0.04944840300226071,-1.1306889990258233,0.5017172832114392,West Gate Community Conservancy,1,Overall Stable,1.681854685239523,Stable
31,2024.0,0.10635217748929085,-1.2304843992668995,0.4882466337397443,West Gate Community Conservancy,1,Overall Stable,1.8250832104959347,Stable
31,2025.0,-0.033516203133847504,-1.1532897475439392,0.6262330247643473,West Gate Community Conservancy,1,Overall Stable,1.8130389754421339,Stable
28,2019.0,-0.0277815226363367,0.7773439395530899,-0.43792267399681,Ruko Community Widlife Conservancy,0,Overall Stable,1.2430481361862367,Stable
28,2020.0,1.2555238157699486,-0.6583662949438863,-1.2076302004542228,Ruko Community Widlife Conservancy,2,Overall Stable,3.121520311168058,Stable
28,2021.0,0.5173562847650601,0.36545468017973726,-0.7902588736084132,Ruko Community Widlife Conservancy,0,Overall Stable,1.6730698385532106,Stable
28,2022.0,-0.4159044414259019,0.1897536380863262,0.3986257878104425,Ruko Community Widlife Conservancy,1,Overall Stable,1.0042838673226706,Stable
28,2023.0,-0.44150900605769433,0.16734974425673793,0.43535983647484705,Ruko Community Widlife Conservancy,1,Overall Stable,1.0442185867892793,Stable
28,2024.0,-0.2329688818519362,-0.05257942481057608,0.3072507327913072,Ruko Community Widlife Conservancy,1,Overall Stable,0.5927990394538195,Stable
28,2025.0,-0.6099501153400645,0.33279744902648434,0.5149395690211598,Ruko Community Widlife Conservancy,1,Overall Stable,1.4576871333877086,Stable
3,2019.0,-2.39276033421618,-0.5447570589012097,3.844931417058658,Lake Bogoria,1,Overall Loss,6.782448810176048,Severe Risk Loss
3,2020.0,-2.462436438142415,-0.6361295054731815,4.009604615782074,Lake Bogoria,1,Overall Loss,7.108170559397671,Severe Risk Loss
3,2021.0,-2.3151112203034545,-0.616792040077938,3.8476796250541816,Lake Bogoria,1,Overall Loss,6.779582885435574,Severe Risk Loss
3,2022.0,-1.8995070803309624,-0.5816944595963779,2.91336492698672,Lake Bogoria,1,Overall Loss,5.3945664669140605,Severe Risk Loss
3,2023.0,-2.031984867110751,-0.5644147985552358,3.074560814684897,Lake Bogoria,1,Overall Loss,5.6709604803508835,Severe Risk Loss
3,2024.0,-1.832490182723999,-0.6410001486661263,2.8752705099068,Lake Bogoria,1,Overall Loss,5.348760841296925,Severe Risk Loss
3,2025.0,-1.9320852310743646,-0.601908443459843,3.018826623410006,Lake Bogoria,1,Overall Loss,5.552820297944214,Severe Risk Loss
26,2019.0,1.8671526793094866,-1.252459996439012,-1.5603791799577011,Namunyak Wildlife Conservation Trust,2,Overall Gain,4.6799918557061995,High Risk Gain
26,2020.0,2.3636726630244786,-1.9418532815576206,-1.8672657392640872,Namunyak Wildlife Conservation Trust,2,Overall Gain,6.172791683846186,High Risk Gain
26,2021.0,1.5904914564127626,-0.7624919870133026,-1.3398274226739766,Namunyak Wildlife Conservation Trust,2,Overall Gain,3.692810866100042,High Risk Gain
26,2022.0,1.024669466412471,-1.0327300612672918,-0.5911964104843456,Namunyak Wildlife Conservation Trust,2,Overall Gain,2.6485959381641084,High Risk Gain
26,2023.0,0.07199834457881388,-0.346665716384792,0.22158810622717642,Namunyak Wildlife Conservation Trust,1,Overall Gain,0.6402521671907823,Moderate Risk Gain
26,2024.0,1.0514804545547187,-1.4894613570549229,-0.5988271206878993,Namunyak Wildlife Conservation Trust,2,Overall Gain,3.139768932297541,High Risk Gain
26,2025.0,0.5787173827086979,-0.8179655459973622,-0.2312985626293309,Namunyak Wildlife Conservation Trust,2,Overall Gain,1.627981491335391,High Risk Gain
33,2019.0,-0.849309035127971,1.4264790557698404,0.0622837359808971,Ol Jogi Ranch,0,Overall Loss,2.3380718268787084,Severe Risk Loss
33,2020.0,-0.4087860223392745,1.153732777016183,-0.12745777577888956,Ol Jogi Ranch,0,Overall Loss,1.689976575134347,Severe Risk Loss
33,2021.0,-0.8077455936169434,1.4273819746920386,0.07293166615151664,Ol Jogi Ranch,0,Overall Loss,2.3080592344604987,Severe Risk Loss
33,2022.0,-1.1419932004069828,0.8243174191373068,0.8243475789866005,Ol Jogi Ranch,1,Overall Loss,2.79065819853089,Severe Risk Loss
33,2023.0,-1.1139018608451383,0.773642878312792,0.7429624492687529,Ol Jogi Ranch,1,Overall Loss,2.6305071884266833,Severe Risk Loss
33,2024.0,-0.792621414196691,0.5074878282063625,0.5805153673821208,Ol Jogi Ranch,1,Overall Loss,1.8806246097851744,Severe Risk Loss
33,2025.0,-0.9777430108213654,0.704287364227023,0.7252078709842851,Ol Jogi Ranch,1,Overall Loss,2.407238246032674,Severe Risk Loss
27,2019.0,2.9902978916000227,-2.81504718237561,-2.5923055585493553,Pate Marine Community Conservancy,2,Overall Gain,8.397650632524988,High Risk Gain
27,2020.0,3.019660538198478,-2.817663493212312,-2.5880725557545547,Pate Marine Community Conservancy,2,Overall Gain,8.425396587165345,High Risk Gain
27,2021.0,3.04592341673773,-2.8998420019851276,-2.6302514573859037,Pate Marine Community Conservancy,2,Overall Gain,8.57601687610876,High Risk Gain
27,2022.0,1.1093718013867244,-1.8089519960074456,-0.6999833254091938,Pate Marine Community Conservancy,2,Overall Gain,3.618307122803364,High Risk Gain
27,2023.0,1.1162178886192087,-1.8208153548497374,-0.7146509765358076,Pate Marine Community Conservancy,2,Overall Gain,3.6516842200047535,High Risk Gain
27,2024.0,1.12555905842298,-1.7890502644556423,-0.7062120280230548,Pate Marine Community Conservancy,2,Overall Gain,3.620821350901677,High Risk Gain
27,2025.0,1.1605106575478914,-1.9084782934680191,-0.7787414645549252,Pate Marine Community Conservancy,2,Overall Gain,3.847730415570836,High Risk Gain
30,2019.0,-0.23244886787152666,1.3985848382756212,-0.34079089685779246,Songa Community Conservancy,0,Overall Stable,1.9718246030049402,Stable
30,2020.0,1.105651713797518,0.02629319927228291,-1.16901207251867,Songa Community Conservancy,2,Overall Stable,2.3009569855884706,Stable
30,2021.0,-0.31538455228480855,1.5989416607910112,-0.23477149110486004,Songa Community Conservancy,0,Overall Stable,2.14909770418068,Stable
30,2022.0,-0.8902863946862495,1.0113353116262775,0.7059946812858788,Songa Community Conservancy,1,Overall Stable,2.607616387598406,Stable
30,2023.0,-0.820024835157026,0.8816696656901366,0.6101185182087873,Songa Community Conservancy,1,Overall Stable,2.31181301905595,Stable
30,2024.0,-0.12625356965062462,0.086423915363805,0.2067449023987106,Songa Community Conservancy,1,Overall Stable,0.4194223874131402,Stable
30,2025.0,-0.7489575977999636,0.772794851970262,0.6368191453418935,Songa Community Conservancy,1,Overall Stable,2.1585715951121194,Stable
25,2019.0,0.8557748642318344,0.5305322455029837,-1.0890627275933333,Nakuprat-Gotu Community Conservancy,0,Overall Stable,2.4753698373281514,Stable
25,2020.0,1.4559807728233791,-0.16186691353231203,-1.3895076037459586,Nakuprat-Gotu Community Conservancy,2,Overall Stable,3.00735529010165,Stable
25,2021.0,1.2583018735854676,-0.060837537924250534,-1.153931149586661,Nakuprat-Gotu Community Conservancy,2,Overall Stable,2.473070561096379,Stable
25,2022.0,-0.13010621030382666,0.019704782397723972,0.397760497574282,Nakuprat-Gotu Community Conservancy,1,Overall Stable,0.5475714902758326,Stable
25,2023.0,-0.1003372620165745,-0.12613395215214995,0.31250164257429053,Nakuprat-Gotu Community Conservancy,1,Overall Stable,0.538972856743015,Stable
25,2024.0,0.07432190754658258,-0.312066407402008,0.2634863105112986,Nakuprat-Gotu Community Conservancy,1,Overall Stable,0.6498746254598892,Stable
25,2025.0,-0.19240639224991482,-0.11860866116310677,0.4126622612187087,Nakuprat-Gotu Community Conservancy,1,Overall Stable,0.7236773146317304,Stable
32,2019.0,-0.4416356787668664,-0.11669171580987059,0.7288975197061591,Ngorare,1,Overall Stable,1.2872249142828962,Stable
32,2020.0,0.5632523477139788,-1.5127115399143667,0.3381083937445947,Ngorare,2,Overall Stable,2.4140722813729405,Stable
32,2021.0,-0.26533804318363424,-0.5167119637627405,0.8006068671324098,Ngorare,1,Overall Stable,1.5826568740787845,Stable
32,2022.0,-0.33960468826091694,-0.8479059695349593,0.8346493345193888,Ngorare,1,Overall Stable,2.022159992315265,Stable
32,2023.0,-0.7041303850158862,-0.49819200074309744,1.0851540498375265,Ngorare,1,Overall Stable,2.28747643559651,Stable
32,2024.0,-0.258378398737152,-0.9712232327969113,0.8151316896526791,Ngorare,1,Overall Stable,2.0447333211867424,Stable
32,2025.0,-0.8531776063721916,-0.3217216596949379,1.2385002317105278,Ngorare,1,Overall Stable,2.4133994977776574,Stable
29,2019.0,0.5640464623313934,0.45509980864515226,-0.8909187580869986,Shura Community Conservancy,0,Overall Gain,1.9100650290635444,High Risk Gain
29,2020.0,2.1979828621837805,-1.501287431924939,-1.8828628561764256,Shura Community Conservancy,2,Overall Gain,5.582133150285145,High Risk Gain
29,2021.0,1.139251329665202,0.013568896384719618,-1.2619641196944165,Shura Community Conservancy,2,Overall Gain,2.414784345744338,High Risk Gain
29,2022.0,-0.04682641242502639,-0.10313153992974974,0.1700329300312161,Shura Community Conservancy,1,Overall Gain,0.31999088238599227,Moderate Risk Gain
29,2023.0,0.00047862835805145745,-0.20370131174988068,0.1497582242218914,Shura Community Conservancy,1,Overall Gain,0.3539381643298235,Moderate Risk Gain
29,2024.0,0.22552691967095106,-0.47105544352984025,-0.014855437397572262,Shura Community Conservancy,1,Overall Gain,0.7114378005983635,Moderate Risk Gain
29,2025.0,-0.3287352860967947,0.11912498884909986,0.33037614376629254,Shura Community Conservancy,1,Overall Gain,0.7782364187121871,Moderate Risk Gain
24,2019.0,-0.7440571656969094,1.1922143871685118,0.13815240127050263,Naibunga Conservancy Trust,0,Overall Loss,2.0744239541359235,Severe Risk Loss
24,2020.0,0.20681075424047599,0.5657764615360702,-0.4238484866110043,Naibunga Conservancy Trust,0,Overall Loss,1.1964357023875505,Moderate Risk Loss
24,2021.0,-0.7785160037222093,1.2697148987524576,0.1807125857154256,Naibunga Conservancy Trust,0,Overall Loss,2.2289434881900925,Severe Risk Loss
24,2022.0,-1.1196827630122133,0.6792400195174905,0.8899774977161653,Naibunga Conservancy Trust,1,Overall Loss,2.688900280245869,Severe Risk Loss
24,2023.0,-1.0881330758367336,0.614155126470338,0.8279875212828209,Naibunga Conservancy Trust,1,Overall Loss,2.5302757235898925,Severe Risk Loss
24,2024.0,-0.7256690203013644,0.46301207955239077,0.714564129137628,Naibunga Conservancy Trust,1,Overall Loss,1.9032452289913833,Severe Risk Loss
24,2025.0,-1.044154141520736,0.736286466555171,0.9455433624278674,Naibunga Conservancy Trust,1,Overall Loss,2.7259839705037745,Severe Risk Loss
21,2019.0,0.48460442914152213,0.7323865469657684,-0.7808160226915238,Meibae Community Conservancy,0,Overall Stable,1.9978069987988145,Stable
21,2020.0,0.6155041339937033,0.6803255025868193,-0.8426945043579802,Meibae Community Conservancy,0,Overall Stable,2.138524140938503,Stable
21,2021.0,0.1835275281124099,1.077407472948367,-0.3976965374389623,Meibae Community Conservancy,0,Overall Stable,1.658631538499739,Stable
21,2022.0,-0.1541212333585442,0.172003669401435,0.3720612207790384,Meibae Community Conservancy,1,Overall Stable,0.6981861235390177,Stable
21,2023.0,-0.9086642782414173,0.774478273115227,0.9091879966896117,Meibae Community Conservancy,1,Overall Stable,2.592330548046256,Stable
21,2024.0,0.0739974747193039,-0.4048056622962319,0.1774024559812529,Meibae Community Conservancy,1,Overall Stable,0.6562055929967887,Stable
21,2025.0,0.08023567049972975,-0.27928210561486316,0.16633121521941857,Meibae Community Conservancy,1,Overall Stable,0.5258489913340114,Stable
20,2019.0,-0.6418972942069282,1.9031971422256975,-0.3762527221057712,Ltungai Community Conservancy Trust,0,Overall Loss,2.921347158538397,Severe Risk Loss
20,2020.0,-0.1479310954745534,1.3189229193817733,-0.5388902556557508,Ltungai Community Conservancy Trust,0,Overall Loss,2.0057442705120776,Severe Risk Loss
20,2021.0,-0.6434173299122722,1.8413653827655994,-0.29858706410234526,Ltungai Community Conservancy Trust,0,Overall Loss,2.7833697767802166,Severe Risk Loss
20,2022.0,-0.8659755773265975,0.902469025903253,0.4869661284406536,Ltungai Community Conservancy Trust,1,Overall Loss,2.255410731670504,Severe Risk Loss
20,2023.0,-1.0125752771206573,1.1658138095681931,0.5503775446973617,Ltungai Community Conservancy Trust,1,Overall Loss,2.728766631386212,Severe Risk Loss
20,2024.0,-0.7251757631048494,0.8211840697079786,0.4997890875776571,Ltungai Community Conservancy Trust,1,Overall Loss,2.0461489203904852,Severe Risk Loss
20,2025.0,-0.3666553142883161,0.3387414039699488,0.278450026418902,Ltungai Community Conservancy Trust,1,Overall Loss,0.9838467446771668,Moderate Risk Loss
