Protected_Area_Name,Year,Mean_Rainfall_mm
Aberdare,2019,23.086656447556926
Aberdare,2020,29.29123865347545
Aberdare,2021,17.633955679699213
Aberdare,2022,15.97101337004219
Aberdare,2023,19.016004721617055
Aberdare,2024,28.541705641541416
Aberdare,2025,13.405851089750096
Amboseli,2019,9.866938825791964
Amboseli,2020,9.479292839372649
Amboseli,2021,6.85945469081847
Amboseli,2022,5.462365551158029
Amboseli,2023,6.907824286622891
Amboseli,2024,10.838980595412876
Amboseli,2025,13.245860235997412
Arabuko Sokoke,2019,21.172915916475986
Arabuko Sokoke,2020,16.87246560470925
Arabuko Sokoke,2021,10.702120957275232
Arabuko Sokoke,2022,11.335158108837074
Arabuko Sokoke,2023,20.535597727944452
Arabuko Sokoke,2024,12.437026814868053
Arabuko Sokoke,2025,1.3776551683743792
Arawale,2019,11.706766391369218
Arawale,2020,9.691381279483586
Arawale,2021,7.898060926882696
Arawale,2022,5.88327028252019
Arawale,2023,11.565877423411521
Arawale,2024,8.736590360567824
Arawale,2025,1.095503862667052
Awer Community Conservancy,2019,10.441615853170033
Awer Community Conservancy,2020,11.780366629074269
Awer Community Conservancy,2021,6.06273532668956
Awer Community Conservancy,2022,8.536855873075599
Awer Community Conservancy,2023,13.246961817603125
Awer Community Conservancy,2024,10.8027415308296
Awer Community Conservancy,2025,0.4812745104198722
Biliqo-Bulesa Community Conservancy,2019,7.442542520233567
Biliqo-Bulesa Community Conservancy,2020,6.232663131620596
Biliqo-Bulesa Community Conservancy,2021,3.6337790535502816
Biliqo-Bulesa Community Conservancy,2022,3.670457238043795
Biliqo-Bulesa Community Conservancy,2023,10.354656991416238
Biliqo-Bulesa Community Conservancy,2024,4.868535845221815
Biliqo-Bulesa Community Conservancy,2025,0.6754399180036491
Bisandi,2019,14.226669022678898
Bisandi,2020,10.241163703364778
Bisandi,2021,8.01290441895959
Bisandi,2022,8.032167916728525
Bisandi,2023,17.42178429832587
Bisandi,2024,11.206840198695708
Bisandi,2025,1.6886334126622426
Boni,2019,9.945265804781085
Boni,2020,10.888136756834358
Boni,2021,5.679751072934884
Boni,2022,7.22525952434041
Boni,2023,10.777747809978177
Boni,2024,9.800638892719169
Boni,2025,0.4286132275751442
Borana,2019,18.429976433460364
Borana,2020,17.39716859669059
Borana,2021,10.99639831270649
Borana,2022,9.244984795325774
Borana,2023,16.963004919567904
Borana,2024,14.548799327449318
Borana,2025,9.398083493848482
Buffalo Springs,2019,9.916907651429588
Buffalo Springs,2020,9.60950293738553
Buffalo Springs,2021,6.051601088136554
Buffalo Springs,2022,5.057771190206162
Buffalo Springs,2023,10.731630446541972
Buffalo Springs,2024,8.52795102514324
Buffalo Springs,2025,2.595425328266794
Central Island,2019,9.044733279086904
Central Island,2020,11.727165044992823
Central Island,2021,5.94158310828363
Central Island,2022,6.530606419844826
Central Island,2023,10.445027118637448
Central Island,2024,11.971250768184929
Central Island,2025,1.078603546838371
Chepkitale,2019,27.61731420735518
Chepkitale,2020,33.66721794659297
Chepkitale,2021,22.284063735448445
Chepkitale,2022,24.263563593319613
Chepkitale,2023,22.00109996331621
Chepkitale,2024,26.690955618551488
Chepkitale,2025,8.42259778075748
Chyulu Hills,2019,14.758136446832733
Chyulu Hills,2020,13.250511068424576
Chyulu Hills,2021,10.262686665908882
Chyulu Hills,2022,7.176834406620255
Chyulu Hills,2023,11.784929023601649
Chyulu Hills,2024,14.104688712877225
Chyulu Hills,2025,10.318041863101337
Dodori,2019,10.299000395856634
Dodori,2020,12.409027038698515
Dodori,2021,5.938149384902476
Dodori,2022,8.653268638674733
Dodori,2023,12.78821599745851
Dodori,2024,10.705905791911995
Dodori,2025,0.4262483811447199
Elangata Wuas,2019,10.372852620161318
Elangata Wuas,2020,11.29361057546452
Elangata Wuas,2021,7.346053350874641
Elangata Wuas,2022,6.622280038129032
Elangata Wuas,2023,7.184392062263928
Elangata Wuas,2024,14.497518990294505
Elangata Wuas,2025,9.342229235749146
Elerai,2019,12.25304673619242
Elerai,2020,10.664712592736405
Elerai,2021,8.770755200810457
Elerai,2022,6.648420922651784
Elerai,2023,8.675731575716355
Elerai,2024,12.488556455891812
Elerai,2025,17.45588108843511
Esenlenkei,2019,10.717587092083024
Esenlenkei,2020,11.295231745296753
Esenlenkei,2021,8.287627740970482
Esenlenkei,2022,5.96317968920739
Esenlenkei,2023,9.015886555509065
Esenlenkei,2024,12.813746816152937
Esenlenkei,2025,11.443713591019673
Hanshak-Nyongoro Community Conservancy,2019,15.28766532045444
Hanshak-Nyongoro Community Conservancy,2020,11.910890995766685
Hanshak-Nyongoro Community Conservancy,2021,8.134455122090142
Hanshak-Nyongoro Community Conservancy,2022,8.184933978478984
Hanshak-Nyongoro Community Conservancy,2023,17.646312094081118
Hanshak-Nyongoro Community Conservancy,2024,10.857143553910724
Hanshak-Nyongoro Community Conservancy,2025,0.869261433146301
Hell's Gate,2019,15.635805769996649
Hell's Gate,2020,17.725235976858624
Hell's Gate,2021,11.8870023877978
Hell's Gate,2022,10.456413285436843
Hell's Gate,2023,11.91806521593466
Hell's Gate,2024,21.284843027419296
Hell's Gate,2025,17.462504778087457
ILRI Conservancy,2019,12.991108515677286
ILRI Conservancy,2020,12.324679195963824
ILRI Conservancy,2021,9.55842218431467
ILRI Conservancy,2022,6.52721653503582
ILRI Conservancy,2023,9.62586342881552
ILRI Conservancy,2024,16.8764531328662
ILRI Conservancy,2025,14.781913922022106
Il Ngwesi Community Trust,2019,16.62472906112038
Il Ngwesi Community Trust,2020,17.004283058347664
Il Ngwesi Community Trust,2021,10.459042392321122
Il Ngwesi Community Trust,2022,8.715012501747902
Il Ngwesi Community Trust,2023,17.482709489122115
Il Ngwesi Community Trust,2024,14.160451854775047
Il Ngwesi Community Trust,2025,7.4221553886027065
Imbirikani,2019,9.83177749932046
Imbirikani,2020,9.925303989666155
Imbirikani,2021,7.4769559458400785
Imbirikani,2022,5.153715333365911
Imbirikani,2023,8.08967529463902
Imbirikani,2024,10.513377091926344
Imbirikani,2025,10.537195958567002
Ishaqbini Hirola Community Conservancy,2019,15.800584989378857
Ishaqbini Hirola Community Conservancy,2020,11.80113026382252
Ishaqbini Hirola Community Conservancy,2021,9.769145857008127
Ishaqbini Hirola Community Conservancy,2022,7.522276622483643
Ishaqbini Hirola Community Conservancy,2023,16.925153031688694
Ishaqbini Hirola Community Conservancy,2024,10.728626391573014
Ishaqbini Hirola Community Conservancy,2025,0.9170217623659217
Jaldesa Community Conservancy,2019,10.343559044599319
Jaldesa Community Conservancy,2020,11.019317664985982
Jaldesa Community Conservancy,2021,4.776564050183176
Jaldesa Community Conservancy,2022,5.5379208111994975
Jaldesa Community Conservancy,2023,15.868410221285675
Jaldesa Community Conservancy,2024,8.470710925773043
Jaldesa Community Conservancy,2025,2.2054355294580827
Kakamega,2019,33.232766197625104
Kakamega,2020,42.69613484297599
Kakamega,2021,30.832294087864298
Kakamega,2022,34.9316428012442
Kakamega,2023,33.0394360624797
Kakamega,2024,34.64036833113437
Kakamega,2025,11.115238108517666
Kalama Community Wildlife Conservancy,2019,11.904983225978377
Kalama Community Wildlife Conservancy,2020,11.201928658509482
Kalama Community Wildlife Conservancy,2021,7.133166061635641
Kalama Community Wildlife Conservancy,2022,6.018085985994409
Kalama Community Wildlife Conservancy,2023,13.490473191884448
Kalama Community Wildlife Conservancy,2024,9.78602312271749
Kalama Community Wildlife Conservancy,2025,3.0714176684147545
Kamnarok,2019,17.770398228348657
Kamnarok,2020,24.33195718179744
Kamnarok,2021,13.392682831591461
Kamnarok,2022,13.5375604671488
Kamnarok,2023,13.708964490773884
Kamnarok,2024,18.678393355952647
Kamnarok,2025,6.606408401348251
Kenya Lake System in the Great Rift Valley,2019,15.323543893840347
Kenya Lake System in the Great Rift Valley,2020,19.52977043440453
Kenya Lake System in the Great Rift Valley,2021,12.854769451042394
Kenya Lake System in the Great Rift Valley,2022,12.361889005099538
Kenya Lake System in the Great Rift Valley,2023,12.898294291943358
Kenya Lake System in the Great Rift Valley,2024,17.34353312468049
Kenya Lake System in the Great Rift Valley,2025,7.009786232685049
Kerio Valley,2019,18.384304767045723
Kerio Valley,2020,24.850469892300268
Kerio Valley,2021,13.600149608912666
Kerio Valley,2022,13.986437034980861
Kerio Valley,2023,14.150445113304704
Kerio Valley,2024,19.051843633726016
Kerio Valley,2025,6.456402179544835
Kimana Wildlife Sanctuary,2019,9.588069449053656
Kimana Wildlife Sanctuary,2020,9.374646418087552
Kimana Wildlife Sanctuary,2021,7.252599827004393
Kimana Wildlife Sanctuary,2022,5.363696781354822
Kimana Wildlife Sanctuary,2023,7.260390484935767
Kimana Wildlife Sanctuary,2024,9.683884657881244
Kimana Wildlife Sanctuary,2025,13.556550272819509
Kisumu Impala,2019,24.275033117996323
Kisumu Impala,2020,33.01171971691979
Kisumu Impala,2021,23.17217626505428
Kisumu Impala,2022,27.595318956507576
Kisumu Impala,2023,25.495153850979275
Kisumu Impala,2024,25.594602326552074
Kisumu Impala,2025,12.884641806284586
Kora,2019,12.368432029035775
Kora,2020,6.463331277701935
Kora,2021,5.7436332933165275
Kora,2022,5.9803949142520345
Kora,2023,14.307146578221413
Kora,2024,8.719555762438882
Kora,2025,1.2798759162319906
Laikipia,2019,10.84349894464767
Laikipia,2020,11.73897497242433
Laikipia,2021,6.662139718728734
Laikipia,2022,5.328525739745435
Laikipia,2023,8.908748235054482
Laikipia,2024,8.92575180313992
Laikipia,2025,2.9532302765934553
Lake Bogoria,2019,16.361821483760977
Lake Bogoria,2020,21.610118170737742
Lake Bogoria,2021,12.87652812214432
Lake Bogoria,2022,12.463103984498638
Lake Bogoria,2023,12.855293687638516
Lake Bogoria,2024,17.609426098134772
Lake Bogoria,2025,5.72749265116857
Lake Elementaita,2019,12.063929341038321
Lake Elementaita,2020,14.860237781100599
Lake Elementaita,2021,10.680238986522138
Lake Elementaita,2022,9.694942309504556
Lake Elementaita,2023,10.609719964801204
Lake Elementaita,2024,14.458716858080429
Lake Elementaita,2025,6.734363177047126
Lake Kanyaboli,2019,25.02022344669332
Lake Kanyaboli,2020,29.199476459711637
Lake Kanyaboli,2021,20.88901068243198
Lake Kanyaboli,2022,23.22849546329248
Lake Kanyaboli,2023,23.926700569111944
Lake Kanyaboli,2024,23.214650150350316
Lake Kanyaboli,2025,12.77648416224946
Lake Naivasha,2019,15.15701724083413
Lake Naivasha,2020,17.580625265695335
Lake Naivasha,2021,12.113002216847873
Lake Naivasha,2022,10.426878200115745
Lake Naivasha,2023,11.849653950339437
Lake Naivasha,2024,19.681308300001568
Lake Naivasha,2025,14.029766198229575
Lake Nakuru,2019,15.194120134336313
Lake Nakuru,2020,19.08327129208006
Lake Nakuru,2021,13.197939442007275
Lake Nakuru,2022,12.78501672049812
Lake Nakuru,2023,13.316020097015985
Lake Nakuru,2024,17.753124608896307
Lake Nakuru,2025,8.065067884063213
Lake Simbi,2019,14.480344444513321
Lake Simbi,2020,17.87064866224925
Lake Simbi,2021,13.970555743409527
Lake Simbi,2022,17.819579710563023
Lake Simbi,2023,15.278578793009123
Lake Simbi,2024,14.52700070043405
Lake Simbi,2025,8.246428728103638
Lake Turkana National Parks,2019,6.413264498671609
Lake Turkana National Parks,2020,6.326091498419828
Lake Turkana National Parks,2021,3.2163812129399942
Lake Turkana National Parks,2022,3.7344656221506836
Lake Turkana National Parks,2023,7.091011743334208
Lake Turkana National Parks,2024,8.069164264550322
Lake Turkana National Parks,2025,0.7875696366893652
Lekurruki Conservancy Trust,2019,13.475784646563548
Lekurruki Conservancy Trust,2020,13.016982444971315
Lekurruki Conservancy Trust,2021,8.344093340835059
Lekurruki Conservancy Trust,2022,6.5325924260111075
Lekurruki Conservancy Trust,2023,13.559676019513875
Lekurruki Conservancy Trust,2024,10.639686196481906
Lekurruki Conservancy Trust,2025,4.760677284907412
Lemek,2019,17.864139280826006
Lemek,2020,21.941252829463775
Lemek,2021,15.276138249227838
Lemek,2022,20.577480819568198
Lemek,2023,17.110732778919825
Lemek,2024,20.50379305403727
Lemek,2025,17.535578339215913
Leparua Community Conservancy,2019,13.89919729927908
Leparua Community Conservancy,2020,13.53671352883667
Leparua Community Conservancy,2021,8.151614044136096
Leparua Community Conservancy,2022,6.839404841743238
Leparua Community Conservancy,2023,13.987978330085049
Leparua Community Conservancy,2024,11.438176917871617
Leparua Community Conservancy,2025,5.458370122333857
Lewa Wildlife Conservancy,2019,18.6926410805052
Lewa Wildlife Conservancy,2020,17.30580391703584
Lewa Wildlife Conservancy,2021,10.654685976926356
Lewa Wildlife Conservancy,2022,8.926390534749245
Lewa Wildlife Conservancy,2023,17.678276468713918
Lewa Wildlife Conservancy,2024,14.820363437144826
Lewa Wildlife Conservancy,2025,7.054559051386288
Loisaba Wilderness,2019,10.286300691226138
Loisaba Wilderness,2020,11.656883189811879
Loisaba Wilderness,2021,6.382881075189234
Loisaba Wilderness,2022,5.298597645346916
Loisaba Wilderness,2023,8.517797449942474
Loisaba Wilderness,2024,8.772312788437382
Loisaba Wilderness,2025,2.4950878345827694
Losai,2019,4.586810537568903
Losai,2020,5.2456130902497
Losai,2021,2.5356805829629074
Losai,2022,3.098681196808344
Losai,2023,6.46418071358929
Losai,2024,4.382686369021037
Losai,2025,1.1388701270124242
Lower Tana Delta Conservation Trust,2019,9.818079261535697
Lower Tana Delta Conservation Trust,2020,8.34823749386028
Lower Tana Delta Conservation Trust,2021,5.094502857210866
Lower Tana Delta Conservation Trust,2022,5.987763591758843
Lower Tana Delta Conservation Trust,2023,11.39976805467652
Lower Tana Delta Conservation Trust,2024,7.0006026659763725
Lower Tana Delta Conservation Trust,2025,0.9399663527663545
Ltungai Community Conservancy Trust,2019,12.417435828020409
Ltungai Community Conservancy Trust,2020,15.490768704087316
Ltungai Community Conservancy Trust,2021,8.790474851515794
Ltungai Community Conservancy Trust,2022,8.26609634279479
Ltungai Community Conservancy Trust,2023,9.672215107954539
Ltungai Community Conservancy Trust,2024,12.073319345658442
Ltungai Community Conservancy Trust,2025,5.474859294663148
Makurian (Oreteti),2019,13.757831535402666
Makurian (Oreteti),2020,14.078015216564351
Makurian (Oreteti),2021,8.244157408007231
Makurian (Oreteti),2022,7.394412934992916
Makurian (Oreteti),2023,13.208098093925097
Makurian (Oreteti),2024,11.309414830255234
Makurian (Oreteti),2025,7.277531275645444
Malka Mari,2019,9.625041127192215
Malka Mari,2020,6.486139603854952
Malka Mari,2021,4.52000798615096
Malka Mari,2022,4.361921540632096
Malka Mari,2023,11.838094005090936
Malka Mari,2024,5.9974203366267425
Malka Mari,2025,0.2117189853884798
Mara North,2019,17.698600205287924
Mara North,2020,21.696126719034194
Mara North,2021,14.93430771984217
Mara North,2022,20.455514294394423
Mara North,2023,16.68732147385187
Mara North,2024,20.03289488278655
Mara North,2025,17.967569279770434
Maralal,2019,9.407264548871252
Maralal,2020,12.656319308612082
Maralal,2021,6.34383278257317
Maralal,2022,6.642213732832008
Maralal,2023,8.518319755378696
Maralal,2024,9.49277761247423
Maralal,2025,4.325676838556926
Marsabit,2019,14.647622010094235
Marsabit,2020,16.59629486278195
Marsabit,2021,6.9570268380652776
Marsabit,2022,7.510379900787972
Marsabit,2023,21.840229427733394
Marsabit,2024,12.569764829510188
Marsabit,2025,2.998766825630829
Masai Mara,2019,16.77945261877692
Masai Mara,2020,19.273592527046887
Masai Mara,2021,14.538693265880077
Masai Mara,2022,18.914736788979486
Masai Mara,2023,15.742959191667827
Masai Mara,2024,19.245664950688397
Masai Mara,2025,21.17935059426813
Meibae Community Conservancy,2019,8.632588061940593
Meibae Community Conservancy,2020,8.978945123228522
Meibae Community Conservancy,2021,5.5008237393581885
Meibae Community Conservancy,2022,4.560552835240873
Meibae Community Conservancy,2023,8.931674652634822
Meibae Community Conservancy,2024,7.39134405834805
Meibae Community Conservancy,2025,2.4478749815846395
Melako Community Conservancy,2019,4.0177435765256915
Melako Community Conservancy,2020,5.304296975224687
Melako Community Conservancy,2021,2.187155042385979
Melako Community Conservancy,2022,2.6313298563588607
Melako Community Conservancy,2023,6.283197178609722
Melako Community Conservancy,2024,3.8665324352843067
Melako Community Conservancy,2025,1.148568586723964
Meru,2019,18.169186070351987
Meru,2020,14.572745621482357
Meru,2021,10.984716594517002
Meru,2022,9.569371115674826
Meru,2023,20.49617774078397
Meru,2024,15.137093963229903
Meru,2025,2.229851712171404
Motikanju,2019,9.06401262209176
Motikanju,2020,9.471375092508328
Motikanju,2021,7.100589271549834
Motikanju,2022,5.044424820512451
Motikanju,2023,7.263677480460313
Motikanju,2024,9.480080555618072
Motikanju,2025,13.028055693531593
Motorogi,2019,15.636475922791796
Motorogi,2020,18.926788688852046
Motorogi,2021,12.790586471329421
Motorogi,2022,17.326802699890838
Motorogi,2023,14.11317042383193
Motorogi,2024,18.43161555891421
Motorogi,2025,17.5749497133107
Mount Kenya National Park/Natural Forest,2019,29.82561726374307
Mount Kenya National Park/Natural Forest,2020,31.02479676398197
Mount Kenya National Park/Natural Forest,2021,19.399424007183832
Mount Kenya National Park/Natural Forest,2022,16.252537687076575
Mount Kenya National Park/Natural Forest,2023,26.908540173460977
Mount Kenya National Park/Natural Forest,2024,26.46063493071828
Mount Kenya National Park/Natural Forest,2025,8.62915842481347
Mpala,2019,11.519001910529058
Mpala,2020,12.870409755926215
Mpala,2021,7.318787892310321
Mpala,2022,6.691270916328246
Mpala,2023,10.008947765382759
Mpala,2024,10.546219445326821
Mpala,2025,4.693357146483415
Mpus Kutuk Community Conservancy,2019,9.957865546628822
Mpus Kutuk Community Conservancy,2020,10.135685786466125
Mpus Kutuk Community Conservancy,2021,6.440586440533165
Mpus Kutuk Community Conservancy,2022,5.400015526658263
Mpus Kutuk Community Conservancy,2023,10.700976652845569
Mpus Kutuk Community Conservancy,2024,8.655687344079475
Mpus Kutuk Community Conservancy,2025,3.3042867157297544
Mt. Elgon,2019,26.884707752077414
Mt. Elgon,2020,34.57448735801911
Mt. Elgon,2021,21.150444700048663
Mt. Elgon,2022,23.25338753853305
Mt. Elgon,2023,20.984957185222868
Mt. Elgon,2024,25.831961760841764
Mt. Elgon,2025,6.67605124793331
Mt. Kenya,2019,30.196138756492303
Mt. Kenya,2020,31.516756811676803
Mt. Kenya,2021,19.76340538643455
Mt. Kenya,2022,16.57351469037025
Mt. Kenya,2023,27.051449238912735
Mt. Kenya,2024,26.850708345560765
Mt. Kenya,2025,8.740765563980625
Mt. Longonot,2019,12.658656512769277
Mt. Longonot,2020,15.453610907476339
Mt. Longonot,2021,9.649835460776828
Mt. Longonot,2022,8.05451022656137
Mt. Longonot,2023,9.577796777170336
Mt. Longonot,2024,20.72860957863818
Mt. Longonot,2025,17.200035946966338
Mugie,2019,11.08733244682735
Mugie,2020,13.198886291561694
Mugie,2021,7.85996054956637
Mugie,2022,6.795277231342357
Mugie,2023,8.746429025078898
Mugie,2024,10.257747099744016
Mugie,2025,4.003177071108684
Mwea,2019,16.659082548728364
Mwea,2020,14.424558567313953
Mwea,2021,11.230668530776107
Mwea,2022,8.864371354209085
Mwea,2023,14.072301917301033
Mwea,2024,15.683652143852104
Mwea,2025,5.277432965317504
Mwingi,2019,15.939112233599616
Mwingi,2020,9.79217892269035
Mwingi,2021,9.18404904642478
Mwingi,2022,8.176029664123266
Mwingi,2023,18.713859436262172
Mwingi,2024,11.785766576300077
Mwingi,2025,1.6930918667590291
Naboisho,2019,14.419363951972905
Naboisho,2020,17.211450775579667
Naboisho,2021,11.902549812990479
Naboisho,2022,14.842694799146834
Naboisho,2023,12.82883687892864
Naboisho,2024,18.781378562226358
Naboisho,2025,20.119341295262085
Naibunga Conservancy Trust,2019,11.855151035633458
Naibunga Conservancy Trust,2020,12.085905054832724
Naibunga Conservancy Trust,2021,7.247472306402894
Naibunga Conservancy Trust,2022,6.231239172645181
Naibunga Conservancy Trust,2023,11.232486283059952
Naibunga Conservancy Trust,2024,9.813418873542293
Naibunga Conservancy Trust,2025,3.4991976216466285
Nailepu,2019,9.043786405140743
Nailepu,2020,8.331635045733771
Nailepu,2021,6.485031751047372
Nailepu,2022,4.762097049298535
Nailepu,2023,6.386715746454723
Nailepu,2024,9.09413801319712
Nailepu,2025,13.734787344610803
Nairobi,2019,13.083746054170952
Nairobi,2020,12.615942822158685
Nairobi,2021,8.925624740461961
Nairobi,2022,6.642729286915166
Nairobi,2023,8.779169280639854
Nairobi,2024,18.38224949272109
Nairobi,2025,14.407912166470295
Naivasha Wildlife Sanctuary,2019,14.41390523462917
Naivasha Wildlife Sanctuary,2020,17.629831053173874
Naivasha Wildlife Sanctuary,2021,11.587836733494678
Naivasha Wildlife Sanctuary,2022,9.956542670098756
Naivasha Wildlife Sanctuary,2023,11.600612808347206
Naivasha Wildlife Sanctuary,2024,20.841308289674977
Naivasha Wildlife Sanctuary,2025,16.245398388511834
Nakuprat-Gotu Community Conservancy,2019,11.041058206999061
Nakuprat-Gotu Community Conservancy,2020,10.066898804015294
Nakuprat-Gotu Community Conservancy,2021,5.607870359025265
Nakuprat-Gotu Community Conservancy,2022,5.524232360351305
Nakuprat-Gotu Community Conservancy,2023,13.233578967595754
Nakuprat-Gotu Community Conservancy,2024,9.269617652692146
Nakuprat-Gotu Community Conservancy,2025,1.012331502655792
Namunyak Wildlife Conservation Trust,2019,9.34208631448701
Namunyak Wildlife Conservation Trust,2020,9.848193655086682
Namunyak Wildlife Conservation Trust,2021,5.633971246795866
Namunyak Wildlife Conservation Trust,2022,5.240669671255501
Namunyak Wildlife Conservation Trust,2023,11.343965621518484
Namunyak Wildlife Conservation Trust,2024,8.18644767270442
Namunyak Wildlife Conservation Trust,2025,2.1194523610327627
Nasolot,2019,10.62378182052007
Nasolot,2020,15.910913983634929
Nasolot,2021,7.126166930940029
Nasolot,2022,6.917318946886673
Nasolot,2023,8.468537499246587
Nasolot,2024,12.675351926236988
Nasolot,2025,0.9756732752771242
Nasuulu Community Wildlife Conservancy,2019,13.266082352128075
Nasuulu Community Wildlife Conservancy,2020,12.334075752007768
Nasuulu Community Wildlife Conservancy,2021,7.590135345867324
Nasuulu Community Wildlife Conservancy,2022,6.015043483048538
Nasuulu Community Wildlife Conservancy,2023,12.967755247491962
Nasuulu Community Wildlife Conservancy,2024,10.312308820077481
Nasuulu Community Wildlife Conservancy,2025,3.2622894721603983
Ndera Community Conservancy,2019,13.00041977501989
Ndera Community Conservancy,2020,10.343137506267908
Ndera Community Conservancy,2021,8.21095485121712
Ndera Community Conservancy,2022,6.1607696573616035
Ndera Community Conservancy,2023,14.462475578198386
Ndera Community Conservancy,2024,9.286745110841512
Ndera Community Conservancy,2025,1.0141875605242965
Ndere Island,2019,24.854079108493433
Ndere Island,2020,32.03886058724668
Ndere Island,2021,21.71000588679217
Ndere Island,2022,26.607429570783452
Ndere Island,2023,25.020711925335053
Ndere Island,2024,25.103177207999114
Ndere Island,2025,13.265042355390099
Ngai Ndethia,2019,11.698480680086526
Ngai Ndethia,2020,12.447018019973898
Ngai Ndethia,2021,7.814347912615235
Ngai Ndethia,2022,6.536458187751778
Ngai Ndethia,2023,11.326578067784824
Ngai Ndethia,2024,10.828744289731876
Ngai Ndethia,2025,5.531659314266306
Ngare Ndare Community Conservancy,2019,20.50617701776339
Ngare Ndare Community Conservancy,2020,19.037279692356066
Ngare Ndare Community Conservancy,2021,12.284039385914848
Ngare Ndare Community Conservancy,2022,9.870426038218078
Ngare Ndare Community Conservancy,2023,18.150848357933448
Ngare Ndare Community Conservancy,2024,15.84138666401077
Ngare Ndare Community Conservancy,2025,6.378746145985264
Ngorare,2019,11.02535993684961
Ngorare,2020,13.384291409847163
Ngorare,2021,7.655541115757856
Ngorare,2022,7.111085107637393
Ngorare,2023,9.87015388452786
Ngorare,2024,11.193328599136633
Ngorare,2025,5.239784696585739
Nyambene,2019,13.718471688184245
Nyambene,2020,12.676171347308276
Nyambene,2021,7.525140806396335
Nyambene,2022,6.772357894045491
Nyambene,2023,14.473415898657578
Nyambene,2024,11.496858334855737
Nyambene,2025,1.8912433960772237
Ol Chorro Oiroua,2019,18.343714366934208
Ol Chorro Oiroua,2020,22.215624561403693
Ol Chorro Oiroua,2021,15.762105336741042
Ol Chorro Oiroua,2022,21.244731514117657
Ol Chorro Oiroua,2023,17.29775467725743
Ol Chorro Oiroua,2024,21.01087773309571
Ol Chorro Oiroua,2025,17.057558357497275
Ol Donyo Sabuk,2019,17.837103693089368
Ol Donyo Sabuk,2020,17.517933583919913
Ol Donyo Sabuk,2021,12.598843044590746
Ol Donyo Sabuk,2022,9.320527937860918
Ol Donyo Sabuk,2023,14.17272729476525
Ol Donyo Sabuk,2024,22.497926299101447
Ol Donyo Sabuk,2025,11.651969420575648
Ol Jogi Ranch,2019,13.227880068371487
Ol Jogi Ranch,2020,13.825545194686462
Ol Jogi Ranch,2021,8.196154338397315
Ol Jogi Ranch,2022,7.515117573603795
Ol Jogi Ranch,2023,11.63583994639137
Ol Jogi Ranch,2024,10.985752135910559
Ol Jogi Ranch,2025,5.197226970622407
Ol Kinyei,2019,13.80335052900953
Ol Kinyei,2020,16.588978517435503
Ol Kinyei,2021,11.419913933519778
Ol Kinyei,2022,13.527415708793098
Ol Kinyei,2023,12.128656931077634
Ol Kinyei,2024,19.02272141343474
Ol Kinyei,2025,21.93119159435314
Ol Lentille Conservancy,2019,12.589559577560813
Ol Lentille Conservancy,2020,12.88302660016689
Ol Lentille Conservancy,2021,7.8284559990531095
Ol Lentille Conservancy,2022,6.506090071178179
Ol Lentille Conservancy,2023,12.556051072012373
Ol Lentille Conservancy,2024,10.652976087068145
Ol Lentille Conservancy,2025,3.5055188377020534
Ol Pejeta,2019,14.202609081887829
Ol Pejeta,2020,17.025413069012835
Ol Pejeta,2021,9.97338867452041
Ol Pejeta,2022,8.681666818739432
Ol Pejeta,2023,12.605558404581725
Ol Pejeta,2024,12.878824035126401
Ol Pejeta,2025,6.578354644858609
Ol Pejeta Conservancy,2019,14.230049356851175
Ol Pejeta Conservancy,2020,17.05808377254857
Ol Pejeta Conservancy,2021,9.993523237740888
Ol Pejeta Conservancy,2022,8.702755616919301
Ol Pejeta Conservancy,2023,12.63167985784427
Ol Pejeta Conservancy,2024,12.899742977793322
Ol Pejeta Conservancy,2025,6.59040630147495
Olare Orok,2019,15.7563033417081
Olare Orok,2020,18.849383047061185
Olare Orok,2021,13.071466667344678
Olare Orok,2022,17.36763039331139
Olare Orok,2023,14.74252930783326
Olare Orok,2024,18.82683769740645
Olare Orok,2025,18.936027109218916
Osupuko,2019,9.295120772142575
Osupuko,2020,8.909735237277093
Osupuko,2021,6.831591603770688
Osupuko,2022,5.087804141953362
Osupuko,2023,6.8927610379177615
Osupuko,2024,9.31575985277113
Osupuko,2025,13.577199633239859
Pate Marine Community Conservancy,2019,13.187907867680678
Pate Marine Community Conservancy,2020,16.53158344940273
Pate Marine Community Conservancy,2021,7.808081119362955
Pate Marine Community Conservancy,2022,9.488962656424654
Pate Marine Community Conservancy,2023,11.81316785522789
Pate Marine Community Conservancy,2024,11.223164911709897
Pate Marine Community Conservancy,2025,0.3700558240474287
Rahole,2019,8.161798341764026
Rahole,2020,4.962459420743311
Rahole,2021,4.088864561510539
Rahole,2022,3.5440614227383906
Rahole,2023,9.46444860652471
Rahole,2024,6.287011430053891
Rahole,2025,0.7556077186658193
Ruko Community Widlife Conservancy,2019,13.897004541108156
Ruko Community Widlife Conservancy,2020,18.414195786968435
Ruko Community Widlife Conservancy,2021,9.663707969585912
Ruko Community Widlife Conservancy,2022,9.89837453138457
Ruko Community Widlife Conservancy,2023,10.788717774516247
Ruko Community Widlife Conservancy,2024,13.982800395766652
Ruko Community Widlife Conservancy,2025,5.151910636500664
Ruma,2019,26.07810679212249
Ruma,2020,31.695718813954457
Ruma,2021,18.84672888855273
Ruma,2022,24.3124630938018
Ruma,2023,24.869144820951874
Ruma,2024,20.344392527551122
Ruma,2025,11.902821317303017
Saiwa Swamp,2019,22.671837260782503
Saiwa Swamp,2020,30.23508868363625
Saiwa Swamp,2021,19.421037407955897
Saiwa Swamp,2022,19.8723544858653
Saiwa Swamp,2023,19.727214449095996
Saiwa Swamp,2024,22.16008289095542
Saiwa Swamp,2025,6.538554321760419
Samburu,2019,11.040711225825966
Samburu,2020,10.66148576821087
Samburu,2021,6.775457252917148
Samburu,2022,5.62898546752046
Samburu,2023,12.314165055745965
Samburu,2024,9.376430276967817
Samburu,2025,2.778737717967882
Segera,2019,13.133454849650839
Segera,2020,14.671010137616394
Segera,2021,8.738779743136138
Segera,2022,7.539985118625925
Segera,2023,11.282814957638124
Segera,2024,12.121365075919387
Segera,2025,5.314553438199413
Sera Community Conservancy,2019,9.124568536968095
Sera Community Conservancy,2020,8.101549895800467
Sera Community Conservancy,2021,4.54722764705122
Sera Community Conservancy,2022,4.7216735007518364
Sera Community Conservancy,2023,11.199125863372169
Sera Community Conservancy,2024,7.022767876867467
Sera Community Conservancy,2025,1.0467348630490623
Shaba,2019,10.869541439189712
Shaba,2020,10.451792770603667
Shaba,2021,5.554993586602858
Shaba,2022,5.685152642606716
Shaba,2023,12.354905075671887
Shaba,2024,9.191678225212144
Shaba,2025,1.1391467060949345
Shimba Hills,2019,25.479284013415125
Shimba Hills,2020,26.41202356205831
Shimba Hills,2021,15.499360785320711
Shimba Hills,2022,15.625811888531084
Shimba Hills,2023,27.40198032757537
Shimba Hills,2024,14.328695728139573
Shimba Hills,2025,1.4979332692962366
Shompole,2019,8.089367743518402
Shompole,2020,11.14008429827715
Shompole,2021,6.228262859875261
Shompole,2022,5.9324599217791745
Shompole,2023,8.169214239877782
Shompole,2024,13.602791950801688
Shompole,2025,10.984857224550076
Shura Community Conservancy,2019,5.209076838208848
Shura Community Conservancy,2020,5.908790827531986
Shura Community Conservancy,2021,2.808288305393402
Shura Community Conservancy,2022,2.943881092313262
Shura Community Conservancy,2023,7.975280347862456
Shura Community Conservancy,2024,4.123790335393849
Shura Community Conservancy,2025,0.9659979044215636
Sibiloi,2019,6.229692767544501
Sibiloi,2020,6.120647047209894
Sibiloi,2021,3.0874863217266855
Sibiloi,2022,3.5209865779791465
Sibiloi,2023,6.933840316131156
Sibiloi,2024,7.753973676955384
Sibiloi,2025,0.6760824499403647
Solio Ranch and Rhino Sanctuary,2019,16.409410308926294
Solio Ranch and Rhino Sanctuary,2020,18.07858455575918
Solio Ranch and Rhino Sanctuary,2021,11.99870647414481
Solio Ranch and Rhino Sanctuary,2022,10.092273425912609
Solio Ranch and Rhino Sanctuary,2023,14.323394997588416
Solio Ranch and Rhino Sanctuary,2024,15.116455381016241
Solio Ranch and Rhino Sanctuary,2025,10.14610702530517
Songa Community Conservancy,2019,11.797470630166695
Songa Community Conservancy,2020,13.370428867452462
Songa Community Conservancy,2021,5.497231589961263
Songa Community Conservancy,2022,6.065908897997202
Songa Community Conservancy,2023,17.500819735447326
Songa Community Conservancy,2024,10.446083206995034
Songa Community Conservancy,2025,2.564843232303465
South Island,2019,9.496536249622551
South Island,2020,9.616375840826402
South Island,2021,5.48623073720522
South Island,2022,6.615097544565838
South Island,2023,9.701620062042387
South Island,2024,13.516046243541728
South Island,2025,2.512494748220465
South Kitui,2019,11.036297308393864
South Kitui,2020,9.182598592945952
South Kitui,2021,6.844455568030098
South Kitui,2022,5.274183716288501
South Kitui,2023,11.570017031400369
South Kitui,2024,8.735966225367006
South Kitui,2025,3.1208878118915977
South Turkana,2019,7.024475532043894
South Turkana,2020,10.92020350885605
South Turkana,2021,4.453394095367053
South Turkana,2022,4.776230681440438
South Turkana,2023,5.8689420161098
South Turkana,2024,8.870256095264832
South Turkana,2025,0.937272525168222
Swara Conservancy,2019,13.4219233307425
Swara Conservancy,2020,12.179423286389937
Swara Conservancy,2021,9.141102462111574
Swara Conservancy,2022,6.7046441940991945
Swara Conservancy,2023,9.344515359748407
Swara Conservancy,2024,17.385749063877288
Swara Conservancy,2025,15.260150275517525
Taita Hills,2019,14.416679096609686
Taita Hills,2020,12.208884016663582
Taita Hills,2021,7.830339684194005
Taita Hills,2022,6.403277799482668
Taita Hills,2023,12.435280453470053
Taita Hills,2024,9.85158153726693
Taita Hills,2025,7.059226400458754
Tana River Primate,2019,14.684936735548044
Tana River Primate,2020,11.303979610549293
Tana River Primate,2021,9.275012312683725
Tana River Primate,2022,6.902329307738281
Tana River Primate,2023,15.468988474804256
Tana River Primate,2024,10.243889008318687
Tana River Primate,2025,0.9422804284996396
Tawi,2019,9.883039895214118
Tawi,2020,9.09243601401878
Tawi,2021,7.371211143969912
Tawi,2022,5.229960848474602
Tawi,2023,6.8439652476181685
Tawi,2024,10.028764943197414
Tawi,2025,14.733763216956847
Tsavo East,2019,11.703424853638351
Tsavo East,2020,11.38829308575726
Tsavo East,2021,6.864049864698116
Tsavo East,2022,5.539132090596653
Tsavo East,2023,12.780358796045363
Tsavo East,2024,8.990456119267137
Tsavo East,2025,3.6659798281337808
Tsavo Road and Railways,2019,15.71582683593933
Tsavo Road and Railways,2020,13.941625277797662
Tsavo Road and Railways,2021,9.43838280343263
Tsavo Road and Railways,2022,7.812971556261041
Tsavo Road and Railways,2023,14.648639579582436
Tsavo Road and Railways,2024,12.161065916318568
Tsavo Road and Railways,2025,6.843023009682443
Tsavo West,2019,13.46061294094076
Tsavo West,2020,12.37330787940646
Tsavo West,2021,8.270447064820397
Tsavo West,2022,6.761394393204337
Tsavo West,2023,12.000981454819858
Tsavo West,2024,10.366225635494239
Tsavo West,2025,9.028926649949227
West Gate Community Conservancy,2019,9.49594610251949
West Gate Community Conservancy,2020,9.612899302944546
West Gate Community Conservancy,2021,6.00332967354898
West Gate Community Conservancy,2022,4.939204292869082
West Gate Community Conservancy,2023,10.742234396545342
West Gate Community Conservancy,2024,8.067552616615501
West Gate Community Conservancy,2025,2.712118982848253
